rank_quarter,method,horizon_q,column,entry,exit,k_themes,top_themes,bot_themes,n_top,n_bot,top_log_excess,bot_log_excess,diff,top_contrib,top_names,bot_names,skipped
2016Q1,rule_a1,1,full,2016-04-01,2016-06-30,3,longevity_rejuvenation,hair_loss,3,1,0.064271,-0.098714,0.162986,"{""longevity_rejuvenation"": 0.0785}",ABT BSX JNJ,TEVA,
2016Q1,rule_a1,1,ex_large,2016-04-01,2016-06-30,3,longevity_rejuvenation,hair_loss,3,1,0.064271,-0.098714,0.162986,"{""longevity_rejuvenation"": 0.0785}",ABT BSX JNJ,TEVA,
2016Q1,rule_a1,4,full,2016-04-01,2017-03-31,3,longevity_rejuvenation,hair_loss,3,1,-0.105263,-0.774871,0.669608,"{""longevity_rejuvenation"": -0.118749}",ABT BSX JNJ,TEVA,
2016Q1,rule_a1,4,ex_large,2016-04-01,2017-03-31,3,longevity_rejuvenation,hair_loss,3,1,-0.105263,-0.774871,0.669608,"{""longevity_rejuvenation"": -0.118749}",ABT BSX JNJ,TEVA,
2016Q1,tercile_ref,1,full,2016-04-01,2016-06-30,3,longevity_rejuvenation|obesity_glp1,cognitive_memory|hibernation_hypothermia,23,0,0.034697,,,"{""longevity_rejuvenation"": 0.010239, ""obesity_glp1"": 0.036303}",ABT AZN BAX BMY BSX GSK INCY INGR IONS JNJ LLY MDT MED MRK NVO NVS OPK PFE RMD SNY TAK UNH VTVT,,empty_basket
2016Q1,tercile_ref,1,ex_large,2016-04-01,2016-06-30,3,longevity_rejuvenation|obesity_glp1,cognitive_memory|hibernation_hypothermia,12,0,0.006955,,,"{""longevity_rejuvenation"": 0.019625, ""obesity_glp1"": -0.002215}",ABT AZN BSX GSK IONS JNJ MED NVO NVS SNY TAK VTVT,,empty_basket
2016Q1,tercile_ref,4,full,2016-04-01,2017-03-31,3,longevity_rejuvenation|obesity_glp1,cognitive_memory|hibernation_hypothermia,23,0,-0.133395,,,"{""longevity_rejuvenation"": -0.015489, ""obesity_glp1"": -0.136218}",ABT AZN BAX BMY BSX GSK INCY INGR IONS JNJ LLY MDT MED MRK NVO NVS OPK PFE RMD SNY TAK UNH VTVT,,empty_basket
2016Q1,tercile_ref,4,ex_large,2016-04-01,2017-03-31,3,longevity_rejuvenation|obesity_glp1,cognitive_memory|hibernation_hypothermia,12,0,-0.155912,,,"{""longevity_rejuvenation"": -0.029687, ""obesity_glp1"": -0.147739}",ABT AZN BSX GSK IONS JNJ MED NVO NVS SNY TAK VTVT,,empty_basket
2016Q2,rule_a1,1,full,2016-07-01,2016-09-30,3,hair_loss,obesity_glp1,6,16,-0.185446,-0.134699,-0.050747,"{""hair_loss"": -0.191227}",GSK JNJ LLY MRK PFE TEVA,AZN BAX BMY INCY INGR IONS MDT MED NVO NVS OPK RMD SNY TAK UNH VTVT,
2016Q2,rule_a1,1,ex_large,2016-07-01,2016-09-30,3,hair_loss,obesity_glp1,6,8,-0.185446,-0.099061,-0.086385,"{""hair_loss"": -0.191227}",GSK JNJ LLY MRK PFE TEVA,AZN IONS MED NVO NVS SNY TAK VTVT,
2016Q2,rule_a1,4,full,2016-07-01,2017-06-30,3,hair_loss,obesity_glp1,6,16,-0.329753,-0.190221,-0.139531,"{""hair_loss"": -0.379444}",GSK JNJ LLY MRK PFE TEVA,AZN BAX BMY INCY INGR IONS MDT MED NVO NVS OPK RMD SNY TAK UNH VTVT,
2016Q2,rule_a1,4,ex_large,2016-07-01,2017-06-30,3,hair_loss,obesity_glp1,6,8,-0.329753,-0.15282,-0.176933,"{""hair_loss"": -0.379444}",GSK JNJ LLY MRK PFE TEVA,AZN IONS MED NVO NVS SNY TAK VTVT,
2016Q2,tercile_ref,1,full,2016-07-01,2016-09-30,3,hibernation_hypothermia|hair_loss,cognitive_memory|obesity_glp1,6,15,-0.185446,-0.140143,-0.045303,"{""hair_loss"": -0.191227}",GSK JNJ LLY MRK PFE TEVA,AZN BAX BMY INCY INGR IONS MDT NVO NVS OPK RMD SNY TAK UNH VTVT,
2016Q2,tercile_ref,1,ex_large,2016-07-01,2016-09-30,3,hibernation_hypothermia|hair_loss,cognitive_memory|obesity_glp1,6,7,-0.185446,-0.105305,-0.080141,"{""hair_loss"": -0.191227}",GSK JNJ LLY MRK PFE TEVA,AZN IONS NVO NVS SNY TAK VTVT,
2016Q2,tercile_ref,4,full,2016-07-01,2017-06-30,3,hibernation_hypothermia|hair_loss,cognitive_memory|obesity_glp1,6,15,-0.329753,-0.196891,-0.132862,"{""hair_loss"": -0.379444}",GSK JNJ LLY MRK PFE TEVA,AZN BAX BMY INCY INGR IONS MDT NVO NVS OPK RMD SNY TAK UNH VTVT,
2016Q2,tercile_ref,4,ex_large,2016-07-01,2017-06-30,3,hibernation_hypothermia|hair_loss,cognitive_memory|obesity_glp1,6,7,-0.329753,-0.161334,-0.168419,"{""hair_loss"": -0.379444}",GSK JNJ LLY MRK PFE TEVA,AZN IONS NVO NVS SNY TAK VTVT,
2016Q3,rule_a1,1,full,2016-10-03,2016-12-30,3,longevity_rejuvenation,hair_loss,3,1,0.034221,-0.122019,0.156241,"{""longevity_rejuvenation"": 0.04045}",ABT BSX JNJ,TEVA,
2016Q3,rule_a1,1,ex_large,2016-10-03,2016-12-30,3,longevity_rejuvenation,hair_loss,3,1,0.034221,-0.122019,0.156241,"{""longevity_rejuvenation"": 0.04045}",ABT BSX JNJ,TEVA,
2016Q3,rule_a1,4,full,2016-10-03,2017-09-29,3,longevity_rejuvenation,hair_loss,3,1,-0.08512,-1.204439,1.119319,"{""longevity_rejuvenation"": -0.094906}",ABT BSX JNJ,TEVA,
2016Q3,rule_a1,4,ex_large,2016-10-03,2017-09-29,3,longevity_rejuvenation,hair_loss,3,1,-0.08512,-1.204439,1.119319,"{""longevity_rejuvenation"": -0.094906}",ABT BSX JNJ,TEVA,
2016Q3,tercile_ref,1,full,2016-10-03,2016-12-30,3,longevity_rejuvenation|meal_replacement_metabolic,hibernation_hypothermia|cognitive_memory,5,0,0.077172,,,"{""longevity_rejuvenation"": 0.02427, ""meal_replacement_metabolic"": 0.057218}",ABT BSX JNJ MED PFE,,empty_basket
2016Q3,tercile_ref,1,ex_large,2016-10-03,2016-12-30,3,longevity_rejuvenation|meal_replacement_metabolic,hibernation_hypothermia|cognitive_memory,5,0,0.077172,,,"{""longevity_rejuvenation"": 0.02427, ""meal_replacement_metabolic"": 0.057218}",ABT BSX JNJ MED PFE,,empty_basket
2016Q3,tercile_ref,4,full,2016-10-03,2017-09-29,3,longevity_rejuvenation|meal_replacement_metabolic,hibernation_hypothermia|cognitive_memory,5,0,-0.041202,,,"{""longevity_rejuvenation"": -0.056944, ""meal_replacement_metabolic"": 0.016656}",ABT BSX JNJ MED PFE,,empty_basket
2016Q3,tercile_ref,4,ex_large,2016-10-03,2017-09-29,3,longevity_rejuvenation|meal_replacement_metabolic,hibernation_hypothermia|cognitive_memory,5,0,-0.041202,,,"{""longevity_rejuvenation"": -0.056944, ""meal_replacement_metabolic"": 0.016656}",ABT BSX JNJ MED PFE,,empty_basket
2016Q4,rule_a1,1,full,2017-01-03,2017-03-31,3,obesity_glp1,longevity_rejuvenation,23,0,-0.080648,,,"{""obesity_glp1"": -0.079392}",ABT AZN BAX BMY BSX GSK INCY INGR IONS JNJ LLY MDT MED MRK NVO NVS OPK PFE RMD SNY TAK UNH VTVT,,empty_basket
2016Q4,rule_a1,1,ex_large,2017-01-03,2017-03-31,3,obesity_glp1,longevity_rejuvenation,8,0,-0.054057,,,"{""obesity_glp1"": -0.050167}",AZN GSK MED NVO NVS SNY TAK VTVT,,empty_basket
2016Q4,rule_a1,4,full,2017-01-03,2017-12-29,3,obesity_glp1,longevity_rejuvenation,23,0,-0.181692,,,"{""obesity_glp1"": -0.225293}",ABT AZN BAX BMY BSX GSK INCY INGR IONS JNJ LLY MDT MED MRK NVO NVS OPK PFE RMD SNY TAK UNH VTVT,,empty_basket
2016Q4,rule_a1,4,ex_large,2017-01-03,2017-12-29,3,obesity_glp1,longevity_rejuvenation,8,0,-0.104615,,,"{""obesity_glp1"": -0.128921}",AZN GSK MED NVO NVS SNY TAK VTVT,,empty_basket
2016Q4,tercile_ref,1,full,2017-01-03,2017-03-31,3,meal_replacement_metabolic|cognitive_memory,longevity_rejuvenation|hibernation_hypothermia,2,0,-0.107702,,,"{""meal_replacement_metabolic"": -0.108341}",MED PFE,,empty_basket
2016Q4,tercile_ref,1,ex_large,2017-01-03,2017-03-31,3,meal_replacement_metabolic|cognitive_memory,longevity_rejuvenation|hibernation_hypothermia,2,0,-0.107702,,,"{""meal_replacement_metabolic"": -0.108341}",MED PFE,,empty_basket
2016Q4,tercile_ref,4,full,2017-01-03,2017-12-29,3,meal_replacement_metabolic|cognitive_memory,longevity_rejuvenation|hibernation_hypothermia,2,0,-0.012662,,,"{""meal_replacement_metabolic"": -0.003797}",MED PFE,,empty_basket
2016Q4,tercile_ref,4,ex_large,2017-01-03,2017-12-29,3,meal_replacement_metabolic|cognitive_memory,longevity_rejuvenation|hibernation_hypothermia,2,0,-0.012662,,,"{""meal_replacement_metabolic"": -0.003797}",MED PFE,,empty_basket
2017Q1,rule_a1,1,full,2017-04-03,2017-06-30,3,longevity_rejuvenation,obesity_glp1,3,16,-0.044377,-0.076225,0.031848,"{""longevity_rejuvenation"": -0.03824}",ABT BSX JNJ,AZN BAX BMY INCY INGR IONS MDT MED NVO NVS OPK RMD SNY TAK UNH VTVT,
2017Q1,rule_a1,1,ex_large,2017-04-03,2017-06-30,3,longevity_rejuvenation,obesity_glp1,3,9,-0.044377,-0.076587,0.032209,"{""longevity_rejuvenation"": -0.03824}",ABT BSX JNJ,AZN IONS MED NVO NVS OPK SNY TAK VTVT,
2017Q1,rule_a1,4,full,2017-04-03,2018-03-29,3,longevity_rejuvenation,obesity_glp1,3,16,-0.101531,-0.146199,0.044667,"{""longevity_rejuvenation"": -0.112675}",ABT BSX JNJ,AZN BAX BMY INCY INGR IONS MDT MED NVO NVS OPK RMD SNY TAK UNH VTVT,
2017Q1,rule_a1,4,ex_large,2017-04-03,2018-03-29,3,longevity_rejuvenation,obesity_glp1,3,9,-0.101531,-0.146921,0.04539,"{""longevity_rejuvenation"": -0.112675}",ABT BSX JNJ,AZN IONS MED NVO NVS OPK SNY TAK VTVT,
2017Q1,tercile_ref,1,full,2017-04-03,2017-06-30,3,longevity_rejuvenation|hibernation_hypothermia,obesity_glp1|cognitive_memory,3,15,-0.044377,-0.069516,0.025139,"{""longevity_rejuvenation"": -0.03824}",ABT BSX JNJ,AZN BAX BMY INCY INGR IONS MDT NVO NVS OPK RMD SNY TAK UNH VTVT,
2017Q1,tercile_ref,1,ex_large,2017-04-03,2017-06-30,3,longevity_rejuvenation|hibernation_hypothermia,obesity_glp1|cognitive_memory,3,8,-0.044377,-0.064084,0.019707,"{""longevity_rejuvenation"": -0.03824}",ABT BSX JNJ,AZN IONS NVO NVS OPK SNY TAK VTVT,
2017Q1,tercile_ref,4,full,2017-04-03,2018-03-29,3,longevity_rejuvenation|hibernation_hypothermia,obesity_glp1|cognitive_memory,3,15,-0.101531,-0.211085,0.109554,"{""longevity_rejuvenation"": -0.112675}",ABT BSX JNJ,AZN BAX BMY INCY INGR IONS MDT NVO NVS OPK RMD SNY TAK UNH VTVT,
2017Q1,tercile_ref,4,ex_large,2017-04-03,2018-03-29,3,longevity_rejuvenation|hibernation_hypothermia,obesity_glp1|cognitive_memory,3,8,-0.101531,-0.272455,0.170924,"{""longevity_rejuvenation"": -0.112675}",ABT BSX JNJ,AZN IONS NVO NVS OPK SNY TAK VTVT,
2017Q2,rule_a1,1,full,2017-07-03,2017-09-29,3,hair_loss,obesity_glp1,6,16,-0.187216,-0.052636,-0.13458,"{""hair_loss"": -0.180532}",GSK JNJ LLY MRK PFE TEVA,AZN BAX BMY INCY INGR IONS MDT MED NVO NVS OPK RMD SNY TAK UNH VTVT,
2017Q2,rule_a1,1,ex_large,2017-07-03,2017-09-29,3,hair_loss,obesity_glp1,6,8,-0.187216,0.002625,-0.189841,"{""hair_loss"": -0.180532}",GSK JNJ LLY MRK PFE TEVA,AZN MED NVO NVS OPK SNY TAK VTVT,
2017Q2,rule_a1,4,full,2017-07-03,2018-06-29,3,hair_loss,obesity_glp1,6,16,-0.242553,-0.094477,-0.148075,"{""hair_loss"": -0.254046}",GSK JNJ LLY MRK PFE TEVA,AZN BAX BMY INCY INGR IONS MDT MED NVO NVS OPK RMD SNY TAK UNH VTVT,
2017Q2,rule_a1,4,ex_large,2017-07-03,2018-06-29,3,hair_loss,obesity_glp1,6,8,-0.242553,-0.009298,-0.233255,"{""hair_loss"": -0.254046}",GSK JNJ LLY MRK PFE TEVA,AZN MED NVO NVS OPK SNY TAK VTVT,
2017Q2,tercile_ref,1,full,2017-07-03,2017-09-29,3,cognitive_memory|meal_replacement_metabolic,hibernation_hypothermia|obesity_glp1,2,15,0.10542,-0.075693,0.181113,"{""meal_replacement_metabolic"": 0.136004}",MED PFE,AZN BAX BMY INCY INGR IONS MDT NVO NVS OPK RMD SNY TAK UNH VTVT,
2017Q2,tercile_ref,1,ex_large,2017-07-03,2017-09-29,3,cognitive_memory|meal_replacement_metabolic,hibernation_hypothermia|obesity_glp1,2,7,0.10542,-0.036674,0.142094,"{""meal_replacement_metabolic"": 0.136004}",MED PFE,AZN NVO NVS OPK SNY TAK VTVT,
2017Q2,tercile_ref,4,full,2017-07-03,2018-06-29,3,cognitive_memory|meal_replacement_metabolic,hibernation_hypothermia|obesity_glp1,2,15,0.70944,-0.275093,0.984534,"{""meal_replacement_metabolic"": 1.289602}",MED PFE,AZN BAX BMY INCY INGR IONS MDT NVO NVS OPK RMD SNY TAK UNH VTVT,
2017Q2,tercile_ref,4,ex_large,2017-07-03,2018-06-29,3,cognitive_memory|meal_replacement_metabolic,hibernation_hypothermia|obesity_glp1,2,7,0.70944,-0.385473,1.094913,"{""meal_replacement_metabolic"": 1.289602}",MED PFE,AZN NVO NVS OPK SNY TAK VTVT,
2017Q3,rule_a1,1,full,2017-10-02,2017-12-29,3,longevity_rejuvenation,hair_loss,3,1,0.019013,0.056892,-0.037879,"{""longevity_rejuvenation"": 0.028413}",ABT BSX JNJ,TEVA,
2017Q3,rule_a1,1,ex_large,2017-10-02,2017-12-29,3,longevity_rejuvenation,hair_loss,3,1,0.019013,0.056892,-0.037879,"{""longevity_rejuvenation"": 0.028413}",ABT BSX JNJ,TEVA,
2017Q3,rule_a1,4,full,2017-10-02,2018-09-28,3,longevity_rejuvenation,hair_loss,3,1,0.132723,0.061135,0.071588,"{""longevity_rejuvenation"": 0.167592}",ABT BSX JNJ,TEVA,
2017Q3,rule_a1,4,ex_large,2017-10-02,2018-09-28,3,longevity_rejuvenation,hair_loss,3,1,0.132723,0.061135,0.071588,"{""longevity_rejuvenation"": 0.167592}",ABT BSX JNJ,TEVA,
2017Q3,tercile_ref,1,full,2017-10-02,2017-12-29,3,meal_replacement_metabolic|longevity_rejuvenation,hair_loss|hibernation_hypothermia,5,1,0.059839,0.056892,0.002947,"{""longevity_rejuvenation"": 0.017048, ""meal_replacement_metabolic"": 0.052768}",ABT BSX JNJ MED PFE,TEVA,
2017Q3,tercile_ref,1,ex_large,2017-10-02,2017-12-29,3,meal_replacement_metabolic|longevity_rejuvenation,hair_loss|hibernation_hypothermia,5,1,0.059839,0.056892,0.002947,"{""longevity_rejuvenation"": 0.017048, ""meal_replacement_metabolic"": 0.052768}",ABT BSX JNJ MED PFE,TEVA,
2017Q3,tercile_ref,4,full,2017-10-02,2018-09-28,3,meal_replacement_metabolic|longevity_rejuvenation,hair_loss|hibernation_hypothermia,5,1,0.470818,0.061135,0.409683,"{""longevity_rejuvenation"": 0.100555, ""meal_replacement_metabolic"": 0.573915}",ABT BSX JNJ MED PFE,TEVA,
2017Q3,tercile_ref,4,ex_large,2017-10-02,2018-09-28,3,meal_replacement_metabolic|longevity_rejuvenation,hair_loss|hibernation_hypothermia,5,1,0.470818,0.061135,0.409683,"{""longevity_rejuvenation"": 0.100555, ""meal_replacement_metabolic"": 0.573915}",ABT BSX JNJ MED PFE,TEVA,
2017Q4,rule_a1,1,full,2018-01-02,2018-03-29,3,hair_loss,obesity_glp1,6,17,-0.054345,-0.089779,0.035434,"{""hair_loss"": -0.043662}",GSK JNJ LLY MRK PFE TEVA,AZN BAX BMY INCY INGR IONS MDT MED NVO NVS OPK RMD RYTM SNY TAK UNH VTVT,
2017Q4,rule_a1,1,ex_large,2018-01-02,2018-03-29,3,hair_loss,obesity_glp1,6,9,-0.054345,-0.129781,0.075436,"{""hair_loss"": -0.043662}",GSK JNJ LLY MRK PFE TEVA,AZN MED NVO NVS OPK RYTM SNY TAK VTVT,
2017Q4,rule_a1,4,full,2018-01-02,2018-12-31,3,hair_loss,obesity_glp1,6,17,0.321916,0.142482,0.179434,"{""hair_loss"": 0.32456}",GSK JNJ LLY MRK PFE TEVA,AZN BAX BMY INCY INGR IONS MDT MED NVO NVS OPK RMD RYTM SNY TAK UNH VTVT,
2017Q4,rule_a1,4,ex_large,2018-01-02,2018-12-31,3,hair_loss,obesity_glp1,6,9,0.321916,0.119378,0.202538,"{""hair_loss"": 0.32456}",GSK JNJ LLY MRK PFE TEVA,AZN MED NVO NVS OPK RYTM SNY TAK VTVT,
2017Q4,tercile_ref,1,full,2018-01-02,2018-03-29,3,hair_loss|longevity_rejuvenation,obesity_glp1|meal_replacement_metabolic,8,17,-0.031389,-0.089779,0.05839,"{""longevity_rejuvenation"": 0.011445, ""hair_loss"": -0.032747}",ABT BSX GSK JNJ LLY MRK PFE TEVA,AZN BAX BMY INCY INGR IONS MDT MED NVO NVS OPK RMD RYTM SNY TAK UNH VTVT,
2017Q4,tercile_ref,1,ex_large,2018-01-02,2018-03-29,3,hair_loss|longevity_rejuvenation,obesity_glp1|meal_replacement_metabolic,8,9,-0.031389,-0.129781,0.098392,"{""longevity_rejuvenation"": 0.011445, ""hair_loss"": -0.032747}",ABT BSX GSK JNJ LLY MRK PFE TEVA,AZN MED NVO NVS OPK RYTM SNY TAK VTVT,
2017Q4,tercile_ref,4,full,2018-01-02,2018-12-31,3,hair_loss|longevity_rejuvenation,obesity_glp1|meal_replacement_metabolic,8,17,0.359535,0.142482,0.217053,"{""longevity_rejuvenation"": 0.125191, ""hair_loss"": 0.24342}",ABT BSX GSK JNJ LLY MRK PFE TEVA,AZN BAX BMY INCY INGR IONS MDT MED NVO NVS OPK RMD RYTM SNY TAK UNH VTVT,
2017Q4,tercile_ref,4,ex_large,2018-01-02,2018-12-31,3,hair_loss|longevity_rejuvenation,obesity_glp1|meal_replacement_metabolic,8,9,0.359535,0.119378,0.240157,"{""longevity_rejuvenation"": 0.125191, ""hair_loss"": 0.24342}",ABT BSX GSK JNJ LLY MRK PFE TEVA,AZN MED NVO NVS OPK RYTM SNY TAK VTVT,
2018Q1,rule_a1,1,full,2018-04-02,2018-06-29,3,hair_loss,obesity_glp1,6,17,-0.010602,-0.054263,0.043661,"{""hair_loss"": -0.000683}",GSK JNJ LLY MRK PFE TEVA,AZN BAX BMY INCY INGR IONS MDT MED NVO NVS OPK RMD RYTM SNY TAK UNH VTVT,
2018Q1,rule_a1,1,ex_large,2018-04-02,2018-06-29,3,hair_loss,obesity_glp1,6,7,-0.010602,0.04145,-0.052052,"{""hair_loss"": -0.000683}",GSK JNJ LLY MRK PFE TEVA,AZN MED NVO OPK RYTM TAK VTVT,
2018Q1,rule_a1,4,full,2018-04-02,2019-03-29,3,hair_loss,obesity_glp1,6,17,0.178572,0.035755,0.142817,"{""hair_loss"": 0.224427}",GSK JNJ LLY MRK PFE TEVA,AZN BAX BMY INCY INGR IONS MDT MED NVO NVS OPK RMD RYTM SNY TAK UNH VTVT,
2018Q1,rule_a1,4,ex_large,2018-04-02,2019-03-29,3,hair_loss,obesity_glp1,6,7,0.178572,-0.017368,0.19594,"{""hair_loss"": 0.224427}",GSK JNJ LLY MRK PFE TEVA,AZN MED NVO OPK RYTM TAK VTVT,
2018Q1,tercile_ref,1,full,2018-04-02,2018-06-29,3,hair_loss|meal_replacement_metabolic,cognitive_memory|hibernation_hypothermia,7,0,0.063621,,,"{""hair_loss"": -0.000586, ""meal_replacement_metabolic"": 0.08737}",GSK JNJ LLY MED MRK PFE TEVA,,empty_basket
2018Q1,tercile_ref,1,ex_large,2018-04-02,2018-06-29,3,hair_loss|meal_replacement_metabolic,cognitive_memory|hibernation_hypothermia,7,0,0.063621,,,"{""hair_loss"": -0.000586, ""meal_replacement_metabolic"": 0.08737}",GSK JNJ LLY MED MRK PFE TEVA,,empty_basket
2018Q1,tercile_ref,4,full,2018-04-02,2019-03-29,3,hair_loss|meal_replacement_metabolic,cognitive_memory|hibernation_hypothermia,7,0,0.190074,,,"{""hair_loss"": 0.192366, ""meal_replacement_metabolic"": 0.047168}",GSK JNJ LLY MED MRK PFE TEVA,,empty_basket
2018Q1,tercile_ref,4,ex_large,2018-04-02,2019-03-29,3,hair_loss|meal_replacement_metabolic,cognitive_memory|hibernation_hypothermia,7,0,0.190074,,,"{""hair_loss"": 0.192366, ""meal_replacement_metabolic"": 0.047168}",GSK JNJ LLY MED MRK PFE TEVA,,empty_basket
2018Q2,rule_a1,1,full,2018-07-02,2018-09-28,3,longevity_rejuvenation,obesity_glp1,3,17,0.154804,0.035386,0.119418,"{""longevity_rejuvenation"": 0.178516}",ABT BSX JNJ,AZN BAX BMY INCY INGR IONS MDT MED NVO NVS OPK RMD RYTM SNY TAK UNH VTVT,
2018Q2,rule_a1,1,ex_large,2018-07-02,2018-09-28,3,longevity_rejuvenation,obesity_glp1,3,7,0.154804,-0.043057,0.197861,"{""longevity_rejuvenation"": 0.178516}",ABT BSX JNJ,AZN MED NVO OPK RYTM TAK VTVT,
2018Q2,rule_a1,4,full,2018-07-02,2019-06-28,3,longevity_rejuvenation,obesity_glp1,3,17,0.341689,0.117959,0.223731,"{""longevity_rejuvenation"": 0.384274}",ABT BSX JNJ,AZN BAX BMY INCY INGR IONS MDT MED NVO NVS OPK RMD RYTM SNY TAK UNH VTVT,
2018Q2,rule_a1,4,ex_large,2018-07-02,2019-06-28,3,longevity_rejuvenation,obesity_glp1,3,7,0.341689,-0.036138,0.377828,"{""longevity_rejuvenation"": 0.384274}",ABT BSX JNJ,AZN MED NVO OPK RYTM TAK VTVT,
2018Q2,tercile_ref,1,full,2018-07-02,2018-09-28,3,meal_replacement_metabolic|longevity_rejuvenation,cognitive_memory|hibernation_hypothermia,5,0,0.199208,,,"{""longevity_rejuvenation"": 0.10711, ""meal_replacement_metabolic"": 0.124753}",ABT BSX JNJ MED PFE,,empty_basket
2018Q2,tercile_ref,1,ex_large,2018-07-02,2018-09-28,3,meal_replacement_metabolic|longevity_rejuvenation,cognitive_memory|hibernation_hypothermia,5,0,0.199208,,,"{""longevity_rejuvenation"": 0.10711, ""meal_replacement_metabolic"": 0.124753}",ABT BSX JNJ MED PFE,,empty_basket
2018Q2,tercile_ref,4,full,2018-07-02,2019-06-28,3,meal_replacement_metabolic|longevity_rejuvenation,cognitive_memory|hibernation_hypothermia,5,0,0.255056,,,"{""longevity_rejuvenation"": 0.230564, ""meal_replacement_metabolic"": 0.046156}",ABT BSX JNJ MED PFE,,empty_basket
2018Q2,tercile_ref,4,ex_large,2018-07-02,2019-06-28,3,meal_replacement_metabolic|longevity_rejuvenation,cognitive_memory|hibernation_hypothermia,5,0,0.255056,,,"{""longevity_rejuvenation"": 0.230564, ""meal_replacement_metabolic"": 0.046156}",ABT BSX JNJ MED PFE,,empty_basket
2018Q3,rule_a1,1,full,2018-10-01,2018-12-31,3,hair_loss,longevity_rejuvenation,7,0,0.154515,,,"{""hair_loss"": 0.135667}",ACRS GSK JNJ LLY MRK PFE TEVA,,empty_basket
2018Q3,rule_a1,1,ex_large,2018-10-01,2018-12-31,3,hair_loss,longevity_rejuvenation,7,0,0.154515,,,"{""hair_loss"": 0.135667}",ACRS GSK JNJ LLY MRK PFE TEVA,,empty_basket
2018Q3,rule_a1,4,full,2018-10-01,2019-09-30,3,hair_loss,longevity_rejuvenation,7,0,-0.021918,,,"{""hair_loss"": -0.009552}",ACRS GSK JNJ LLY MRK PFE TEVA,,empty_basket
2018Q3,rule_a1,4,ex_large,2018-10-01,2019-09-30,3,hair_loss,longevity_rejuvenation,7,0,-0.021918,,,"{""hair_loss"": -0.009552}",ACRS GSK JNJ LLY MRK PFE TEVA,,empty_basket
2018Q3,tercile_ref,1,full,2018-10-01,2018-12-31,3,hibernation_hypothermia|hair_loss,obesity_glp1|longevity_rejuvenation,7,18,0.154515,0.33401,-0.179495,"{""hair_loss"": 0.135667}",ACRS GSK JNJ LLY MRK PFE TEVA,ABT AZN BAX BMY BSX INCY INGR IONS MDT NVO NVS OPK RMD RYTM SNY TAK UNH VTVT,
2018Q3,tercile_ref,1,ex_large,2018-10-01,2018-12-31,3,hibernation_hypothermia|hair_loss,obesity_glp1|longevity_rejuvenation,7,6,0.154515,0.553131,-0.398617,"{""hair_loss"": 0.135667}",ACRS GSK JNJ LLY MRK PFE TEVA,AZN NVO OPK RYTM TAK VTVT,
2018Q3,tercile_ref,4,full,2018-10-01,2019-09-30,3,hibernation_hypothermia|hair_loss,obesity_glp1|longevity_rejuvenation,7,18,-0.021918,0.26845,-0.290368,"{""hair_loss"": -0.009552}",ACRS GSK JNJ LLY MRK PFE TEVA,ABT AZN BAX BMY BSX INCY INGR IONS MDT NVO NVS OPK RMD RYTM SNY TAK UNH VTVT,
2018Q3,tercile_ref,4,ex_large,2018-10-01,2019-09-30,3,hibernation_hypothermia|hair_loss,obesity_glp1|longevity_rejuvenation,7,6,-0.021918,0.290145,-0.312062,"{""hair_loss"": -0.009552}",ACRS GSK JNJ LLY MRK PFE TEVA,AZN NVO OPK RYTM TAK VTVT,
2018Q4,rule_a1,1,full,2019-01-02,2019-03-29,3,longevity_rejuvenation,hair_loss,3,2,-0.110702,-0.348709,0.238006,"{""longevity_rejuvenation"": -0.119044}",ABT BSX JNJ,ACRS TEVA,
2018Q4,rule_a1,1,ex_large,2019-01-02,2019-03-29,3,longevity_rejuvenation,hair_loss,3,2,-0.110702,-0.348709,0.238006,"{""longevity_rejuvenation"": -0.119044}",ABT BSX JNJ,ACRS TEVA,
2018Q4,rule_a1,4,full,2019-01-02,2019-12-31,3,longevity_rejuvenation,hair_loss,3,2,-0.051562,-1.114668,1.063106,"{""longevity_rejuvenation"": -0.053145}",ABT BSX JNJ,ACRS TEVA,
2018Q4,rule_a1,4,ex_large,2019-01-02,2019-12-31,3,longevity_rejuvenation,hair_loss,3,2,-0.051562,-1.114668,1.063106,"{""longevity_rejuvenation"": -0.053145}",ABT BSX JNJ,ACRS TEVA,
2018Q4,tercile_ref,1,full,2019-01-02,2019-03-29,3,meal_replacement_metabolic|longevity_rejuvenation,hair_loss|hibernation_hypothermia,5,2,-0.15506,-0.348709,0.193648,"{""longevity_rejuvenation"": -0.071426, ""meal_replacement_metabolic"": -0.09637}",ABT BSX JNJ MED PFE,ACRS TEVA,
2018Q4,tercile_ref,1,ex_large,2019-01-02,2019-03-29,3,meal_replacement_metabolic|longevity_rejuvenation,hair_loss|hibernation_hypothermia,5,2,-0.15506,-0.348709,0.193648,"{""longevity_rejuvenation"": -0.071426, ""meal_replacement_metabolic"": -0.09637}",ABT BSX JNJ MED PFE,ACRS TEVA,
2018Q4,tercile_ref,4,full,2019-01-02,2019-12-31,3,meal_replacement_metabolic|longevity_rejuvenation,hair_loss|hibernation_hypothermia,5,2,-0.165428,-1.114668,0.94924,"{""longevity_rejuvenation"": -0.031887, ""meal_replacement_metabolic"": -0.156032}",ABT BSX JNJ MED PFE,ACRS TEVA,
2018Q4,tercile_ref,4,ex_large,2019-01-02,2019-12-31,3,meal_replacement_metabolic|longevity_rejuvenation,hair_loss|hibernation_hypothermia,5,2,-0.165428,-1.114668,0.94924,"{""longevity_rejuvenation"": -0.031887, ""meal_replacement_metabolic"": -0.156032}",ABT BSX JNJ MED PFE,ACRS TEVA,
2019Q1,rule_a1,1,full,2019-04-01,2019-06-28,3,longevity_rejuvenation,obesity_glp1,3,18,0.079069,-0.015044,0.094113,"{""longevity_rejuvenation"": 0.090354}",ABT BSX JNJ,AMGN AZN BAX BMY INCY INGR IONS MDT MED NVO NVS OPK RMD RYTM SNY TAK UNH VTVT,
2019Q1,rule_a1,1,ex_large,2019-04-01,2019-06-28,3,longevity_rejuvenation,obesity_glp1,3,7,0.079069,-0.066296,0.145365,"{""longevity_rejuvenation"": 0.090354}",ABT BSX JNJ,AZN MED NVO OPK RYTM TAK VTVT,
2019Q1,rule_a1,4,full,2019-04-01,2020-03-31,3,longevity_rejuvenation,obesity_glp1,3,18,0.08338,0.08021,0.00317,"{""longevity_rejuvenation"": 0.083822}",ABT BSX JNJ,AMGN AZN BAX BMY INCY INGR IONS MDT MED NVO NVS OPK RMD RYTM SNY TAK UNH VTVT,
2019Q1,rule_a1,4,ex_large,2019-04-01,2020-03-31,3,longevity_rejuvenation,obesity_glp1,3,7,0.08338,-0.046871,0.130251,"{""longevity_rejuvenation"": 0.083822}",ABT BSX JNJ,AZN MED NVO OPK RYTM TAK VTVT,
2019Q1,tercile_ref,1,full,2019-04-01,2019-06-28,3,hibernation_hypothermia|meal_replacement_metabolic,obesity_glp1|cognitive_memory,2,17,0.023354,-0.01629,0.039644,"{""meal_replacement_metabolic"": 0.032896}",MED PFE,AMGN AZN BAX BMY INCY INGR IONS MDT NVO NVS OPK RMD RYTM SNY TAK UNH VTVT,
2019Q1,tercile_ref,1,ex_large,2019-04-01,2019-06-28,3,hibernation_hypothermia|meal_replacement_metabolic,obesity_glp1|cognitive_memory,2,6,0.023354,-0.078853,0.102207,"{""meal_replacement_metabolic"": 0.032896}",MED PFE,AZN NVO OPK RYTM TAK VTVT,
2019Q1,tercile_ref,4,full,2019-04-01,2020-03-31,3,hibernation_hypothermia|meal_replacement_metabolic,obesity_glp1|cognitive_memory,2,17,-0.29437,0.107444,-0.401814,"{""meal_replacement_metabolic"": -0.211966}",MED PFE,AMGN AZN BAX BMY INCY INGR IONS MDT NVO NVS OPK RMD RYTM SNY TAK UNH VTVT,
2019Q1,tercile_ref,4,ex_large,2019-04-01,2020-03-31,3,hibernation_hypothermia|meal_replacement_metabolic,obesity_glp1|cognitive_memory,2,6,-0.29437,0.017266,-0.311636,"{""meal_replacement_metabolic"": -0.211966}",MED PFE,AZN NVO OPK RYTM TAK VTVT,
2019Q2,rule_a1,1,full,2019-07-01,2019-09-30,3,longevity_rejuvenation,hair_loss,3,2,0.094547,-0.389279,0.483825,"{""longevity_rejuvenation"": 0.095225}",ABT BSX JNJ,ACRS TEVA,
2019Q2,rule_a1,1,ex_large,2019-07-01,2019-09-30,3,longevity_rejuvenation,hair_loss,3,2,0.094547,-0.389279,0.483825,"{""longevity_rejuvenation"": 0.095225}",ABT BSX JNJ,ACRS TEVA,
2019Q2,rule_a1,4,full,2019-07-01,2020-06-30,3,longevity_rejuvenation,hair_loss,3,2,-0.262985,-0.253266,-0.009719,"{""longevity_rejuvenation"": -0.283602}",ABT BSX JNJ,ACRS TEVA,
2019Q2,rule_a1,4,ex_large,2019-07-01,2020-06-30,3,longevity_rejuvenation,hair_loss,3,2,-0.262985,-0.253266,-0.009719,"{""longevity_rejuvenation"": -0.283602}",ABT BSX JNJ,ACRS TEVA,
2019Q2,tercile_ref,1,full,2019-07-01,2019-09-30,3,meal_replacement_metabolic|longevity_rejuvenation,cognitive_memory|hair_loss,5,2,0.042986,-0.389279,0.432265,"{""longevity_rejuvenation"": 0.057135, ""meal_replacement_metabolic"": -0.010118}",ABT BSX JNJ MED PFE,ACRS TEVA,
2019Q2,tercile_ref,1,ex_large,2019-07-01,2019-09-30,3,meal_replacement_metabolic|longevity_rejuvenation,cognitive_memory|hair_loss,5,2,0.042986,-0.389279,0.432265,"{""longevity_rejuvenation"": 0.057135, ""meal_replacement_metabolic"": -0.010118}",ABT BSX JNJ MED PFE,ACRS TEVA,
2019Q2,tercile_ref,4,full,2019-07-01,2020-06-30,3,meal_replacement_metabolic|longevity_rejuvenation,cognitive_memory|hair_loss,5,2,-0.265951,-0.253266,-0.012684,"{""longevity_rejuvenation"": -0.170161, ""meal_replacement_metabolic"": -0.116358}",ABT BSX JNJ MED PFE,ACRS TEVA,
2019Q2,tercile_ref,4,ex_large,2019-07-01,2020-06-30,3,meal_replacement_metabolic|longevity_rejuvenation,cognitive_memory|hair_loss,5,2,-0.265951,-0.253266,-0.012684,"{""longevity_rejuvenation"": -0.170161, ""meal_replacement_metabolic"": -0.116358}",ABT BSX JNJ MED PFE,ACRS TEVA,
2019Q3,rule_a1,1,full,2019-10-01,2019-12-31,3,longevity_rejuvenation,hair_loss,3,2,-0.151083,0.227954,-0.379037,"{""longevity_rejuvenation"": -0.167647}",ABT BSX JNJ,ACRS TEVA,
2019Q3,rule_a1,1,ex_large,2019-10-01,2019-12-31,3,longevity_rejuvenation,hair_loss,3,2,-0.151083,0.227954,-0.379037,"{""longevity_rejuvenation"": -0.167647}",ABT BSX JNJ,ACRS TEVA,
2019Q3,rule_a1,4,full,2019-10-01,2020-09-30,3,longevity_rejuvenation,hair_loss,3,2,-0.263841,0.219042,-0.482883,"{""longevity_rejuvenation"": -0.334956}",ABT BSX JNJ,ACRS TEVA,
2019Q3,rule_a1,4,ex_large,2019-10-01,2020-09-30,3,longevity_rejuvenation,hair_loss,3,2,-0.263841,0.219042,-0.482883,"{""longevity_rejuvenation"": -0.334956}",ABT BSX JNJ,ACRS TEVA,
2019Q3,tercile_ref,1,full,2019-10-01,2019-12-31,3,longevity_rejuvenation|obesity_glp1,hair_loss|hibernation_hypothermia,26,2,-0.141945,0.227954,-0.369899,"{""longevity_rejuvenation"": -0.019344, ""obesity_glp1"": -0.138146}",ABT AMGN AZN BAX BMY BSX GILD GSK INCY INGR IONS JNJ LLY MDT MED MRK NVO NVS OPK PFE RMD RYTM SNY TAK UNH VTVT,ACRS TEVA,
2019Q3,tercile_ref,1,ex_large,2019-10-01,2019-12-31,3,longevity_rejuvenation|obesity_glp1,hair_loss|hibernation_hypothermia,10,2,-0.1757,0.227954,-0.403654,"{""longevity_rejuvenation"": -0.050294, ""obesity_glp1"": -0.144257}",ABT AZN BSX INGR JNJ MED NVO OPK RYTM VTVT,ACRS TEVA,
2019Q3,tercile_ref,4,full,2019-10-01,2020-09-30,3,longevity_rejuvenation|obesity_glp1,hair_loss|hibernation_hypothermia,26,2,-0.240341,0.219042,-0.459383,"{""longevity_rejuvenation"": -0.038649, ""obesity_glp1"": -0.268745}",ABT AMGN AZN BAX BMY BSX GILD GSK INCY INGR IONS JNJ LLY MDT MED MRK NVO NVS OPK PFE RMD RYTM SNY TAK UNH VTVT,ACRS TEVA,
2019Q3,tercile_ref,4,ex_large,2019-10-01,2020-09-30,3,longevity_rejuvenation|obesity_glp1,hair_loss|hibernation_hypothermia,10,2,-0.160166,0.219042,-0.379208,"{""longevity_rejuvenation"": -0.100487, ""obesity_glp1"": -0.107844}",ABT AZN BSX INGR JNJ MED NVO OPK RYTM VTVT,ACRS TEVA,
2019Q4,rule_a1,1,full,2020-01-02,2020-03-31,3,hair_loss,obesity_glp1,7,19,0.029876,0.054866,-0.02499,"{""hair_loss"": 0.033274}",ACRS GSK JNJ LLY MRK PFE TEVA,AMGN AZN BAX BMY GILD INCY INGR IONS MDT MED NVO NVS OPK RMD RYTM SNY TAK UNH VTVT,
2019Q4,rule_a1,1,ex_large,2020-01-02,2020-03-31,3,hair_loss,obesity_glp1,7,6,0.029876,0.040196,-0.01032,"{""hair_loss"": 0.033274}",ACRS GSK JNJ LLY MRK PFE TEVA,AZN MED NVO OPK RYTM VTVT,
2019Q4,rule_a1,4,full,2020-01-02,2020-12-31,3,hair_loss,obesity_glp1,7,19,-0.087361,-0.246319,0.158957,"{""hair_loss"": -0.110927}",ACRS GSK JNJ LLY MRK PFE TEVA,AMGN AZN BAX BMY GILD INCY INGR IONS MDT MED NVO NVS OPK RMD RYTM SNY TAK UNH VTVT,
2019Q4,rule_a1,4,ex_large,2020-01-02,2020-12-31,3,hair_loss,obesity_glp1,7,6,-0.087361,0.004047,-0.091409,"{""hair_loss"": -0.110927}",ACRS GSK JNJ LLY MRK PFE TEVA,AZN MED NVO OPK RYTM VTVT,
2019Q4,tercile_ref,1,full,2020-01-02,2020-03-31,3,hair_loss|longevity_rejuvenation,meal_replacement_metabolic|hibernation_hypothermia,9,0,0.020538,,,"{""longevity_rejuvenation"": -0.000517, ""hair_loss"": 0.02588}",ABT ACRS BSX GSK JNJ LLY MRK PFE TEVA,,empty_basket
2019Q4,tercile_ref,1,ex_large,2020-01-02,2020-03-31,3,hair_loss|longevity_rejuvenation,meal_replacement_metabolic|hibernation_hypothermia,9,0,0.020538,,,"{""longevity_rejuvenation"": -0.000517, ""hair_loss"": 0.02588}",ABT ACRS BSX GSK JNJ LLY MRK PFE TEVA,,empty_basket
2019Q4,tercile_ref,4,full,2020-01-02,2020-12-31,3,hair_loss|longevity_rejuvenation,meal_replacement_metabolic|hibernation_hypothermia,9,0,-0.144257,,,"{""longevity_rejuvenation"": -0.100926, ""hair_loss"": -0.086276}",ABT ACRS BSX GSK JNJ LLY MRK PFE TEVA,,empty_basket
2019Q4,tercile_ref,4,ex_large,2020-01-02,2020-12-31,3,hair_loss|longevity_rejuvenation,meal_replacement_metabolic|hibernation_hypothermia,9,0,-0.144257,,,"{""longevity_rejuvenation"": -0.100926, ""hair_loss"": -0.086276}",ABT ACRS BSX GSK JNJ LLY MRK PFE TEVA,,empty_basket
2020Q1,rule_a1,1,full,2020-04-01,2020-06-30,3,longevity_rejuvenation,hair_loss,3,2,-0.291166,-0.024259,-0.266907,"{""longevity_rejuvenation"": -0.374594}",ABT BSX JNJ,ACRS TEVA,
2020Q1,rule_a1,1,ex_large,2020-04-01,2020-06-30,3,longevity_rejuvenation,hair_loss,3,2,-0.291166,-0.024259,-0.266907,"{""longevity_rejuvenation"": -0.374594}",ABT BSX JNJ,ACRS TEVA,
2020Q1,rule_a1,4,full,2020-04-01,2021-03-31,3,longevity_rejuvenation,hair_loss,3,2,-0.29677,1.920728,-2.217498,"{""longevity_rejuvenation"": -0.462743}",ABT BSX JNJ,ACRS TEVA,
2020Q1,rule_a1,4,ex_large,2020-04-01,2021-03-31,3,longevity_rejuvenation,hair_loss,3,2,-0.29677,1.920728,-2.217498,"{""longevity_rejuvenation"": -0.462743}",ABT BSX JNJ,ACRS TEVA,
2020Q1,tercile_ref,1,full,2020-04-01,2020-06-30,3,hibernation_hypothermia|longevity_rejuvenation,meal_replacement_metabolic|cognitive_memory,3,0,-0.291166,,,"{""longevity_rejuvenation"": -0.374594}",ABT BSX JNJ,,empty_basket
2020Q1,tercile_ref,1,ex_large,2020-04-01,2020-06-30,3,hibernation_hypothermia|longevity_rejuvenation,meal_replacement_metabolic|cognitive_memory,3,0,-0.291166,,,"{""longevity_rejuvenation"": -0.374594}",ABT BSX JNJ,,empty_basket
2020Q1,tercile_ref,4,full,2020-04-01,2021-03-31,3,hibernation_hypothermia|longevity_rejuvenation,meal_replacement_metabolic|cognitive_memory,3,0,-0.29677,,,"{""longevity_rejuvenation"": -0.462743}",ABT BSX JNJ,,empty_basket
2020Q1,tercile_ref,4,ex_large,2020-04-01,2021-03-31,3,hibernation_hypothermia|longevity_rejuvenation,meal_replacement_metabolic|cognitive_memory,3,0,-0.29677,,,"{""longevity_rejuvenation"": -0.462743}",ABT BSX JNJ,,empty_basket
2020Q2,rule_a1,1,full,2020-07-01,2020-09-30,3,hair_loss,obesity_glp1,7,19,0.056625,-0.024244,0.080869,"{""hair_loss"": 0.068311}",ACRS GSK JNJ LLY MRK PFE TEVA,AMGN AZN BAX BMY GILD INCY INGR IONS MDT MED NVO NVS OPK RMD RYTM SNY TAK UNH VTVT,
2020Q2,rule_a1,1,ex_large,2020-07-01,2020-09-30,3,hair_loss,obesity_glp1,7,7,0.056625,0.006865,0.04976,"{""hair_loss"": 0.068311}",ACRS GSK JNJ LLY MRK PFE TEVA,AZN INGR MED NVO OPK RYTM VTVT,
2020Q2,rule_a1,4,full,2020-07-01,2021-06-30,3,hair_loss,obesity_glp1,7,19,0.719767,-0.078776,0.798543,"{""hair_loss"": 1.296583}",ACRS GSK JNJ LLY MRK PFE TEVA,AMGN AZN BAX BMY GILD INCY INGR IONS MDT MED NVO NVS OPK RMD RYTM SNY TAK UNH VTVT,
2020Q2,rule_a1,4,ex_large,2020-07-01,2021-06-30,3,hair_loss,obesity_glp1,7,7,0.719767,0.02386,0.695907,"{""hair_loss"": 1.296583}",ACRS GSK JNJ LLY MRK PFE TEVA,AZN INGR MED NVO OPK RYTM VTVT,
2020Q2,tercile_ref,1,full,2020-07-01,2020-09-30,3,hair_loss|longevity_rejuvenation,cognitive_memory|hibernation_hypothermia,9,0,0.072789,,,"{""longevity_rejuvenation"": 0.032451, ""hair_loss"": 0.053131}",ABT ACRS BSX GSK JNJ LLY MRK PFE TEVA,,empty_basket
2020Q2,tercile_ref,1,ex_large,2020-07-01,2020-09-30,3,hair_loss|longevity_rejuvenation,cognitive_memory|hibernation_hypothermia,9,0,0.072789,,,"{""longevity_rejuvenation"": 0.032451, ""hair_loss"": 0.053131}",ABT ACRS BSX GSK JNJ LLY MRK PFE TEVA,,empty_basket
2020Q2,tercile_ref,4,full,2020-07-01,2021-06-30,3,hair_loss|longevity_rejuvenation,cognitive_memory|hibernation_hypothermia,9,0,0.60163,,,"{""longevity_rejuvenation"": 0.009213, ""hair_loss"": 1.008453}",ABT ACRS BSX GSK JNJ LLY MRK PFE TEVA,,empty_basket
2020Q2,tercile_ref,4,ex_large,2020-07-01,2021-06-30,3,hair_loss|longevity_rejuvenation,cognitive_memory|hibernation_hypothermia,9,0,0.60163,,,"{""longevity_rejuvenation"": 0.009213, ""hair_loss"": 1.008453}",ABT ACRS BSX GSK JNJ LLY MRK PFE TEVA,,empty_basket
2020Q3,rule_a1,1,full,2020-10-01,2020-12-31,3,hair_loss,longevity_rejuvenation,7,0,0.001944,,,"{""hair_loss"": 0.015009}",ACRS GSK JNJ LLY MRK PFE TEVA,,empty_basket
2020Q3,rule_a1,1,ex_large,2020-10-01,2020-12-31,3,hair_loss,longevity_rejuvenation,7,0,0.001944,,,"{""hair_loss"": 0.015009}",ACRS GSK JNJ LLY MRK PFE TEVA,,empty_basket
2020Q3,rule_a1,4,full,2020-10-01,2021-09-30,3,hair_loss,longevity_rejuvenation,7,0,0.573887,,,"{""hair_loss"": 0.884796}",ACRS GSK JNJ LLY MRK PFE TEVA,,empty_basket
2020Q3,rule_a1,4,ex_large,2020-10-01,2021-09-30,3,hair_loss,longevity_rejuvenation,7,0,0.573887,,,"{""hair_loss"": 0.884796}",ACRS GSK JNJ LLY MRK PFE TEVA,,empty_basket
2020Q3,tercile_ref,1,full,2020-10-01,2020-12-31,3,hair_loss|meal_replacement_metabolic,longevity_rejuvenation|cognitive_memory,8,0,-0.004984,,,"{""hair_loss"": 0.013133, ""meal_replacement_metabolic"": -0.006852}",ACRS GSK JNJ LLY MED MRK PFE TEVA,,empty_basket
2020Q3,tercile_ref,1,ex_large,2020-10-01,2020-12-31,3,hair_loss|meal_replacement_metabolic,longevity_rejuvenation|cognitive_memory,8,0,-0.004984,,,"{""hair_loss"": 0.013133, ""meal_replacement_metabolic"": -0.006852}",ACRS GSK JNJ LLY MED MRK PFE TEVA,,empty_basket
2020Q3,tercile_ref,4,full,2020-10-01,2021-09-30,3,hair_loss|meal_replacement_metabolic,longevity_rejuvenation|cognitive_memory,8,0,0.522175,,,"{""hair_loss"": 0.774197, ""meal_replacement_metabolic"": 0.009775}",ACRS GSK JNJ LLY MED MRK PFE TEVA,,empty_basket
2020Q3,tercile_ref,4,ex_large,2020-10-01,2021-09-30,3,hair_loss|meal_replacement_metabolic,longevity_rejuvenation|cognitive_memory,8,0,0.522175,,,"{""hair_loss"": 0.774197, ""meal_replacement_metabolic"": 0.009775}",ACRS GSK JNJ LLY MED MRK PFE TEVA,,empty_basket
2020Q4,rule_a1,1,full,2021-01-04,2021-03-31,3,obesity_glp1,longevity_rejuvenation,27,0,0.056777,,,"{""obesity_glp1"": 0.066478}",ABT ALT AMGN AZN BAX BMY BSX GILD GSK INCY INGR IONS JNJ LLY MDT MED MRK NVO NVS OPK PFE RMD RYTM SNY TAK UNH VTVT,,empty_basket
2020Q4,rule_a1,1,ex_large,2021-01-04,2021-03-31,3,obesity_glp1,longevity_rejuvenation,8,0,0.083891,,,"{""obesity_glp1"": 0.094764}",ALT AZN INGR MED NVO OPK RYTM VTVT,,empty_basket
2020Q4,rule_a1,4,full,2021-01-04,2021-12-31,3,obesity_glp1,longevity_rejuvenation,27,0,0.302207,,,"{""obesity_glp1"": 0.29115}",ABT ALT AMGN AZN BAX BMY BSX GILD GSK INCY INGR IONS JNJ LLY MDT MED MRK NVO NVS OPK PFE RMD RYTM SNY TAK UNH VTVT,,empty_basket
2020Q4,rule_a1,4,ex_large,2021-01-04,2021-12-31,3,obesity_glp1,longevity_rejuvenation,8,0,0.201064,,,"{""obesity_glp1"": 0.18671}",ALT AZN INGR MED NVO OPK RYTM VTVT,,empty_basket
2020Q4,tercile_ref,1,full,2021-01-04,2021-03-31,3,meal_replacement_metabolic|obesity_glp1,cognitive_memory|longevity_rejuvenation,27,0,0.056777,,,"{""obesity_glp1"": 0.059925, ""meal_replacement_metabolic"": 0.006554}",ABT ALT AMGN AZN BAX BMY BSX GILD GSK INCY INGR IONS JNJ LLY MDT MED MRK NVO NVS OPK PFE RMD RYTM SNY TAK UNH VTVT,,empty_basket
2020Q4,tercile_ref,1,ex_large,2021-01-04,2021-03-31,3,meal_replacement_metabolic|obesity_glp1,cognitive_memory|longevity_rejuvenation,9,0,0.077305,,,"{""obesity_glp1"": 0.068161, ""meal_replacement_metabolic"": 0.019661}",ALT AZN INGR MED NVO OPK PFE RYTM VTVT,,empty_basket
2020Q4,tercile_ref,4,full,2021-01-04,2021-12-31,3,meal_replacement_metabolic|obesity_glp1,cognitive_memory|longevity_rejuvenation,27,0,0.302207,,,"{""obesity_glp1"": 0.246948, ""meal_replacement_metabolic"": 0.044202}",ABT ALT AMGN AZN BAX BMY BSX GILD GSK INCY INGR IONS JNJ LLY MDT MED MRK NVO NVS OPK PFE RMD RYTM SNY TAK UNH VTVT,,empty_basket
2020Q4,tercile_ref,4,ex_large,2021-01-04,2021-12-31,3,meal_replacement_metabolic|obesity_glp1,cognitive_memory|longevity_rejuvenation,9,0,0.275888,,,"{""obesity_glp1"": 0.130341, ""meal_replacement_metabolic"": 0.132607}",ALT AZN INGR MED NVO OPK PFE RYTM VTVT,,empty_basket
2021Q1,rule_a1,1,full,2021-04-01,2021-06-30,3,longevity_rejuvenation,obesity_glp1,4,21,0.029399,0.032579,-0.00318,"{""longevity_rejuvenation"": 0.039707}",ABT BSX JNJ ZBH,ALT AMGN AZN BAX BMY GILD INCY INGR IONS MDT MED NVO NVS OPK REGN RMD RYTM SNY TAK UNH VTVT,
2021Q1,rule_a1,1,ex_large,2021-04-01,2021-06-30,3,longevity_rejuvenation,obesity_glp1,4,7,0.029399,0.005502,0.023897,"{""longevity_rejuvenation"": 0.039707}",ABT BSX JNJ ZBH,ALT AZN MED NVO OPK RYTM VTVT,
2021Q1,rule_a1,4,full,2021-04-01,2022-03-31,3,longevity_rejuvenation,obesity_glp1,4,21,0.437242,0.396216,0.041027,"{""longevity_rejuvenation"": 0.369932}",ABT BSX JNJ ZBH,ALT AMGN AZN BAX BMY GILD INCY INGR IONS MDT MED NVO NVS OPK REGN RMD RYTM SNY TAK UNH VTVT,
2021Q1,rule_a1,4,ex_large,2021-04-01,2022-03-31,3,longevity_rejuvenation,obesity_glp1,4,7,0.437242,0.226591,0.210651,"{""longevity_rejuvenation"": 0.369932}",ABT BSX JNJ ZBH,ALT AZN MED NVO OPK RYTM VTVT,
2021Q1,tercile_ref,1,full,2021-04-01,2021-06-30,3,hibernation_hypothermia|cognitive_memory,hair_loss|obesity_glp1,0,25,,0.015297,,,,ACRS ALT AMGN AZN BAX BMY GILD GSK INCY INGR IONS LLY MDT MRK NVO NVS OPK REGN RMD RYTM SNY TAK TEVA UNH VTVT,empty_basket
2021Q1,tercile_ref,1,ex_large,2021-04-01,2021-06-30,3,hibernation_hypothermia|cognitive_memory,hair_loss|obesity_glp1,0,11,,-0.024986,,,,ACRS ALT AZN GSK LLY MRK NVO OPK RYTM TEVA VTVT,empty_basket
2021Q1,tercile_ref,4,full,2021-04-01,2022-03-31,3,hibernation_hypothermia|cognitive_memory,hair_loss|obesity_glp1,0,25,,0.426154,,,,ACRS ALT AMGN AZN BAX BMY GILD GSK INCY INGR IONS LLY MDT MRK NVO NVS OPK REGN RMD RYTM SNY TAK TEVA UNH VTVT,empty_basket
2021Q1,tercile_ref,4,ex_large,2021-04-01,2022-03-31,3,hibernation_hypothermia|cognitive_memory,hair_loss|obesity_glp1,0,11,,0.365536,,,,ACRS ALT AZN GSK LLY MRK NVO OPK RYTM TEVA VTVT,empty_basket
2021Q2,rule_a1,1,full,2021-07-01,2021-09-30,3,obesity_glp1,hair_loss,29,2,0.026608,0.100604,-0.073996,"{""obesity_glp1"": 0.033846}",ABT ALT AMGN AZN BAX BMY BSX GILD GSK HUM INCY INGR IONS JNJ LLY MDT MED MRK NVO NVS OPK PFE REGN RMD RYTM SNY TAK UNH VTVT,ACRS TEVA,
2021Q2,rule_a1,1,ex_large,2021-07-01,2021-09-30,3,obesity_glp1,hair_loss,7,2,-0.045232,0.100604,-0.145836,"{""obesity_glp1"": -0.031424}",ALT AZN MED NVO OPK RYTM VTVT,ACRS TEVA,
2021Q2,rule_a1,4,full,2021-07-01,2022-06-30,3,obesity_glp1,hair_loss,29,2,0.577084,0.370523,0.206561,"{""obesity_glp1"": 0.428349}",ABT ALT AMGN AZN BAX BMY BSX GILD GSK HUM INCY INGR IONS JNJ LLY MDT MED MRK NVO NVS OPK PFE REGN RMD RYTM SNY TAK UNH VTVT,ACRS TEVA,
2021Q2,rule_a1,4,ex_large,2021-07-01,2022-06-30,3,obesity_glp1,hair_loss,7,2,0.356298,0.370523,-0.014225,"{""obesity_glp1"": 0.237244}",ALT AZN MED NVO OPK RYTM VTVT,ACRS TEVA,
2021Q2,tercile_ref,1,full,2021-07-01,2021-09-30,3,hibernation_hypothermia|obesity_glp1,cognitive_memory|hair_loss,29,2,0.026608,0.100604,-0.073996,"{""obesity_glp1"": 0.033846}",ABT ALT AMGN AZN BAX BMY BSX GILD GSK HUM INCY INGR IONS JNJ LLY MDT MED MRK NVO NVS OPK PFE REGN RMD RYTM SNY TAK UNH VTVT,ACRS TEVA,
2021Q2,tercile_ref,1,ex_large,2021-07-01,2021-09-30,3,hibernation_hypothermia|obesity_glp1,cognitive_memory|hair_loss,7,2,-0.045232,0.100604,-0.145836,"{""obesity_glp1"": -0.031424}",ALT AZN MED NVO OPK RYTM VTVT,ACRS TEVA,
2021Q2,tercile_ref,4,full,2021-07-01,2022-06-30,3,hibernation_hypothermia|obesity_glp1,cognitive_memory|hair_loss,29,2,0.577084,0.370523,0.206561,"{""obesity_glp1"": 0.428349}",ABT ALT AMGN AZN BAX BMY BSX GILD GSK HUM INCY INGR IONS JNJ LLY MDT MED MRK NVO NVS OPK PFE REGN RMD RYTM SNY TAK UNH VTVT,ACRS TEVA,
2021Q2,tercile_ref,4,ex_large,2021-07-01,2022-06-30,3,hibernation_hypothermia|obesity_glp1,cognitive_memory|hair_loss,7,2,0.356298,0.370523,-0.014225,"{""obesity_glp1"": 0.237244}",ALT AZN MED NVO OPK RYTM VTVT,ACRS TEVA,
2021Q3,rule_a1,1,full,2021-10-01,2021-12-31,3,longevity_rejuvenation,hair_loss,5,2,0.113809,-0.074546,0.188356,"{""longevity_rejuvenation"": 0.116956}",ABT BSX JNJ OGN ZBH,ACRS TEVA,
2021Q3,rule_a1,1,ex_large,2021-10-01,2021-12-31,3,longevity_rejuvenation,hair_loss,5,2,0.113809,-0.074546,0.188356,"{""longevity_rejuvenation"": 0.116956}",ABT BSX JNJ OGN ZBH,ACRS TEVA,
2021Q3,rule_a1,4,full,2021-10-01,2022-09-30,3,longevity_rejuvenation,hair_loss,5,2,0.284559,0.314397,-0.029837,"{""longevity_rejuvenation"": 0.215343}",ABT BSX JNJ OGN ZBH,ACRS TEVA,
2021Q3,rule_a1,4,ex_large,2021-10-01,2022-09-30,3,longevity_rejuvenation,hair_loss,5,2,0.284559,0.314397,-0.029837,"{""longevity_rejuvenation"": 0.215343}",ABT BSX JNJ OGN ZBH,ACRS TEVA,
2021Q3,tercile_ref,1,full,2021-10-01,2021-12-31,3,hibernation_hypothermia|cognitive_memory,meal_replacement_metabolic|hair_loss,0,2,,-0.074546,,,,ACRS TEVA,empty_basket
2021Q3,tercile_ref,1,ex_large,2021-10-01,2021-12-31,3,hibernation_hypothermia|cognitive_memory,meal_replacement_metabolic|hair_loss,0,2,,-0.074546,,,,ACRS TEVA,empty_basket
2021Q3,tercile_ref,4,full,2021-10-01,2022-09-30,3,hibernation_hypothermia|cognitive_memory,meal_replacement_metabolic|hair_loss,0,2,,0.314397,,,,ACRS TEVA,empty_basket
2021Q3,tercile_ref,4,ex_large,2021-10-01,2022-09-30,3,hibernation_hypothermia|cognitive_memory,meal_replacement_metabolic|hair_loss,0,2,,0.314397,,,,ACRS TEVA,empty_basket
2021Q4,rule_a1,1,full,2022-01-03,2022-03-31,3,longevity_rejuvenation,obesity_glp1,5,22,0.254738,0.213413,0.041325,"{""longevity_rejuvenation"": 0.235982}",ABT BSX JNJ OGN ZBH,ALT AMGN AZN BAX BMY GILD HUM INCY INGR IONS MDT MED NVO NVS OPK REGN RMD RYTM SNY TAK UNH VTVT,
2021Q4,rule_a1,1,ex_large,2022-01-03,2022-03-31,3,longevity_rejuvenation,obesity_glp1,5,8,0.254738,0.14414,0.110598,"{""longevity_rejuvenation"": 0.235982}",ABT BSX JNJ OGN ZBH,ALT AZN IONS MED NVO OPK RYTM VTVT,
2021Q4,rule_a1,4,full,2022-01-03,2022-12-30,3,longevity_rejuvenation,obesity_glp1,5,22,0.297039,0.409353,-0.112314,"{""longevity_rejuvenation"": 0.2584}",ABT BSX JNJ OGN ZBH,ALT AMGN AZN BAX BMY GILD HUM INCY INGR IONS MDT MED NVO NVS OPK REGN RMD RYTM SNY TAK UNH VTVT,
2021Q4,rule_a1,4,ex_large,2022-01-03,2022-12-30,3,longevity_rejuvenation,obesity_glp1,5,8,0.297039,0.497884,-0.200845,"{""longevity_rejuvenation"": 0.2584}",ABT BSX JNJ OGN ZBH,ALT AZN IONS MED NVO OPK RYTM VTVT,
2021Q4,tercile_ref,1,full,2022-01-03,2022-03-31,3,cognitive_memory|meal_replacement_metabolic,hair_loss|obesity_glp1,2,26,0.089201,0.24314,-0.153939,"{""meal_replacement_metabolic"": 0.081197}",MED PFE,ACRS ALT AMGN AZN BAX BMY GILD GSK HUM INCY INGR IONS LLY MDT MRK NVO NVS OPK REGN RMD RYTM SNY TAK TEVA UNH VTVT,
2021Q4,tercile_ref,1,ex_large,2022-01-03,2022-03-31,3,cognitive_memory|meal_replacement_metabolic,hair_loss|obesity_glp1,2,12,0.089201,0.233958,-0.144757,"{""meal_replacement_metabolic"": 0.081197}",MED PFE,ACRS ALT AZN GSK IONS LLY MRK NVO OPK RYTM TEVA VTVT,
2021Q4,tercile_ref,4,full,2022-01-03,2022-12-30,3,cognitive_memory|meal_replacement_metabolic,hair_loss|obesity_glp1,2,26,0.027878,0.43597,-0.408092,"{""meal_replacement_metabolic"": 0.027756}",MED PFE,ACRS ALT AMGN AZN BAX BMY GILD GSK HUM INCY INGR IONS LLY MDT MRK NVO NVS OPK REGN RMD RYTM SNY TAK TEVA UNH VTVT,
2021Q4,tercile_ref,4,ex_large,2022-01-03,2022-12-30,3,cognitive_memory|meal_replacement_metabolic,hair_loss|obesity_glp1,2,12,0.027878,0.522821,-0.494943,"{""meal_replacement_metabolic"": 0.027756}",MED PFE,ACRS ALT AZN GSK IONS LLY MRK NVO OPK RYTM TEVA VTVT,
2022Q1,rule_a1,1,full,2022-04-01,2022-06-30,3,longevity_rejuvenation,obesity_glp1,5,22,0.121817,0.190898,-0.069081,"{""longevity_rejuvenation"": 0.112209}",ABT BSX JNJ OGN ZBH,ALT AMGN AZN BAX BMY GILD HUM INCY INGR IONS MDT MED NVO NVS OPK REGN RMD RYTM SNY TAK UNH VTVT,
2022Q1,rule_a1,1,ex_large,2022-04-01,2022-06-30,3,longevity_rejuvenation,obesity_glp1,5,7,0.121817,0.231703,-0.109886,"{""longevity_rejuvenation"": 0.112209}",ABT BSX JNJ OGN ZBH,ALT AZN MED NVO OPK RYTM VTVT,
2022Q1,rule_a1,4,full,2022-04-01,2023-03-31,3,longevity_rejuvenation,obesity_glp1,5,22,0.106318,0.197257,-0.090939,"{""longevity_rejuvenation"": 0.100801}",ABT BSX JNJ OGN ZBH,ALT AMGN AZN BAX BMY GILD HUM INCY INGR IONS MDT MED NVO NVS OPK REGN RMD RYTM SNY TAK UNH VTVT,
2022Q1,rule_a1,4,ex_large,2022-04-01,2023-03-31,3,longevity_rejuvenation,obesity_glp1,5,7,0.106318,0.183649,-0.077331,"{""longevity_rejuvenation"": 0.100801}",ABT BSX JNJ OGN ZBH,ALT AZN MED NVO OPK RYTM VTVT,
2022Q1,tercile_ref,1,full,2022-04-01,2022-06-30,3,longevity_rejuvenation|hair_loss,cognitive_memory|hibernation_hypothermia,11,0,0.162208,,,"{""longevity_rejuvenation"": 0.051004, ""hair_loss"": 0.098655}",ABT ACRS BSX GSK JNJ LLY MRK OGN PFE TEVA ZBH,,empty_basket
2022Q1,tercile_ref,1,ex_large,2022-04-01,2022-06-30,3,longevity_rejuvenation|hair_loss,cognitive_memory|hibernation_hypothermia,11,0,0.162208,,,"{""longevity_rejuvenation"": 0.051004, ""hair_loss"": 0.098655}",ABT ACRS BSX GSK JNJ LLY MRK OGN PFE TEVA ZBH,,empty_basket
2022Q1,tercile_ref,4,full,2022-04-01,2023-03-31,3,longevity_rejuvenation|hair_loss,cognitive_memory|hibernation_hypothermia,11,0,0.096916,,,"{""longevity_rejuvenation"": 0.045819, ""hair_loss"": 0.046392}",ABT ACRS BSX GSK JNJ LLY MRK OGN PFE TEVA ZBH,,empty_basket
2022Q1,tercile_ref,4,ex_large,2022-04-01,2023-03-31,3,longevity_rejuvenation|hair_loss,cognitive_memory|hibernation_hypothermia,11,0,0.096916,,,"{""longevity_rejuvenation"": 0.045819, ""hair_loss"": 0.046392}",ABT ACRS BSX GSK JNJ LLY MRK OGN PFE TEVA ZBH,,empty_basket
2022Q2,rule_a1,1,full,2022-07-01,2022-09-30,3,hair_loss,obesity_glp1,8,22,-0.166142,0.10072,-0.266862,"{""hair_loss"": -0.149813}",ACRS GSK JNJ LLY MRK OGN PFE TEVA,ALT AMGN AZN BAX BMY GILD HUM INCY INGR IONS MDT MED NVO NVS OPK REGN RMD RYTM SNY TAK UNH VTVT,
2022Q2,rule_a1,1,ex_large,2022-07-01,2022-09-30,3,hair_loss,obesity_glp1,8,7,-0.166142,0.426852,-0.592994,"{""hair_loss"": -0.149813}",ACRS GSK JNJ LLY MRK OGN PFE TEVA,ALT AZN MED NVO OPK RYTM VTVT,
2022Q2,rule_a1,4,full,2022-07-01,2023-06-30,3,hair_loss,obesity_glp1,8,22,-0.166238,0.018478,-0.184716,"{""hair_loss"": -0.157235}",ACRS GSK JNJ LLY MRK OGN PFE TEVA,ALT AMGN AZN BAX BMY GILD HUM INCY INGR IONS MDT MED NVO NVS OPK REGN RMD RYTM SNY TAK UNH VTVT,
2022Q2,rule_a1,4,ex_large,2022-07-01,2023-06-30,3,hair_loss,obesity_glp1,8,7,-0.166238,0.170108,-0.336345,"{""hair_loss"": -0.157235}",ACRS GSK JNJ LLY MRK OGN PFE TEVA,ALT AZN MED NVO OPK RYTM VTVT,
2022Q2,tercile_ref,1,full,2022-07-01,2022-09-30,3,hair_loss|longevity_rejuvenation,obesity_glp1|hibernation_hypothermia,11,21,-0.14403,0.123537,-0.267566,"{""longevity_rejuvenation"": -0.021037, ""hair_loss"": -0.108955}",ABT ACRS BSX GSK JNJ LLY MRK OGN PFE TEVA ZBH,ALT AMGN AZN BAX BMY GILD HUM INCY INGR IONS MDT NVO NVS OPK REGN RMD RYTM SNY TAK UNH VTVT,
2022Q2,tercile_ref,1,ex_large,2022-07-01,2022-09-30,3,hair_loss|longevity_rejuvenation,obesity_glp1|hibernation_hypothermia,11,6,-0.14403,0.526406,-0.670436,"{""longevity_rejuvenation"": -0.021037, ""hair_loss"": -0.108955}",ABT ACRS BSX GSK JNJ LLY MRK OGN PFE TEVA ZBH,ALT AZN NVO OPK RYTM VTVT,
2022Q2,tercile_ref,4,full,2022-07-01,2023-06-30,3,hair_loss|longevity_rejuvenation,obesity_glp1|hibernation_hypothermia,11,21,-0.072154,0.043106,-0.11526,"{""longevity_rejuvenation"": 0.048845, ""hair_loss"": -0.114353}",ABT ACRS BSX GSK JNJ LLY MRK OGN PFE TEVA ZBH,ALT AMGN AZN BAX BMY GILD HUM INCY INGR IONS MDT NVO NVS OPK REGN RMD RYTM SNY TAK UNH VTVT,
2022Q2,tercile_ref,4,ex_large,2022-07-01,2023-06-30,3,hair_loss|longevity_rejuvenation,obesity_glp1|hibernation_hypothermia,11,6,-0.072154,0.263996,-0.33615,"{""longevity_rejuvenation"": 0.048845, ""hair_loss"": -0.114353}",ABT ACRS BSX GSK JNJ LLY MRK OGN PFE TEVA ZBH,ALT AZN NVO OPK RYTM VTVT,
2022Q3,rule_a1,1,full,2022-10-03,2022-12-30,3,hair_loss,obesity_glp1,8,22,0.088046,0.026279,0.061766,"{""hair_loss"": 0.106903}",ACRS GSK JNJ LLY MRK OGN PFE TEVA,ALT AMGN AZN BAX BMY GILD HUM INCY INGR IONS MDT MED NVO NVS OPK REGN RMD RYTM SNY TAK UNH VTVT,
2022Q3,rule_a1,1,ex_large,2022-10-03,2022-12-30,3,hair_loss,obesity_glp1,8,8,0.088046,0.030966,0.05708,"{""hair_loss"": 0.106903}",ACRS GSK JNJ LLY MRK OGN PFE TEVA,ALT AZN INGR MED NVO OPK RYTM VTVT,
2022Q3,rule_a1,4,full,2022-10-03,2023-09-29,3,hair_loss,obesity_glp1,8,22,0.123657,0.086955,0.036702,"{""hair_loss"": 0.130561}",ACRS GSK JNJ LLY MRK OGN PFE TEVA,ALT AMGN AZN BAX BMY GILD HUM INCY INGR IONS MDT MED NVO NVS OPK REGN RMD RYTM SNY TAK UNH VTVT,
2022Q3,rule_a1,4,ex_large,2022-10-03,2023-09-29,3,hair_loss,obesity_glp1,8,8,0.123657,0.017282,0.106375,"{""hair_loss"": 0.130561}",ACRS GSK JNJ LLY MRK OGN PFE TEVA,ALT AZN INGR MED NVO OPK RYTM VTVT,
2022Q3,tercile_ref,1,full,2022-10-03,2022-12-30,3,hair_loss|longevity_rejuvenation,cognitive_memory|hibernation_hypothermia,11,0,0.090012,,,"{""longevity_rejuvenation"": 0.031409, ""hair_loss"": 0.077747}",ABT ACRS BSX GSK JNJ LLY MRK OGN PFE TEVA ZBH,,empty_basket
2022Q3,tercile_ref,1,ex_large,2022-10-03,2022-12-30,3,hair_loss|longevity_rejuvenation,cognitive_memory|hibernation_hypothermia,11,0,0.090012,,,"{""longevity_rejuvenation"": 0.031409, ""hair_loss"": 0.077747}",ABT ACRS BSX GSK JNJ LLY MRK OGN PFE TEVA ZBH,,empty_basket
2022Q3,tercile_ref,4,full,2022-10-03,2023-09-29,3,hair_loss|longevity_rejuvenation,cognitive_memory|hibernation_hypothermia,11,0,0.144222,,,"{""longevity_rejuvenation"": 0.057291, ""hair_loss"": 0.094953}",ABT ACRS BSX GSK JNJ LLY MRK OGN PFE TEVA ZBH,,empty_basket
2022Q3,tercile_ref,4,ex_large,2022-10-03,2023-09-29,3,hair_loss|longevity_rejuvenation,cognitive_memory|hibernation_hypothermia,11,0,0.144222,,,"{""longevity_rejuvenation"": 0.057291, ""hair_loss"": 0.094953}",ABT ACRS BSX GSK JNJ LLY MRK OGN PFE TEVA ZBH,,empty_basket
2022Q4,rule_a1,1,full,2023-01-03,2023-03-31,3,hair_loss,obesity_glp1,8,22,-0.0879,0.021911,-0.109811,"{""hair_loss"": -0.070053}",ACRS GSK JNJ LLY MRK OGN PFE TEVA,ALT AMGN AZN BAX BMY GILD HUM INCY INGR IONS MDT MED NVO NVS OPK REGN RMD RYTM SNY TAK UNH VTVT,
2022Q4,rule_a1,1,ex_large,2023-01-03,2023-03-31,3,hair_loss,obesity_glp1,8,7,-0.0879,-0.046664,-0.041236,"{""hair_loss"": -0.070053}",ACRS GSK JNJ LLY MRK OGN PFE TEVA,ALT AZN MED NVO OPK RYTM VTVT,
2022Q4,rule_a1,4,full,2023-01-03,2023-12-29,3,hair_loss,obesity_glp1,8,22,-0.246339,-0.089917,-0.156423,"{""hair_loss"": -0.230566}",ACRS GSK JNJ LLY MRK OGN PFE TEVA,ALT AMGN AZN BAX BMY GILD HUM INCY INGR IONS MDT MED NVO NVS OPK REGN RMD RYTM SNY TAK UNH VTVT,
2022Q4,rule_a1,4,ex_large,2023-01-03,2023-12-29,3,hair_loss,obesity_glp1,8,7,-0.246339,-0.087132,-0.159207,"{""hair_loss"": -0.230566}",ACRS GSK JNJ LLY MRK OGN PFE TEVA,ALT AZN MED NVO OPK RYTM VTVT,
2022Q4,tercile_ref,1,full,2023-01-03,2023-03-31,3,hair_loss|longevity_rejuvenation,hibernation_hypothermia|cognitive_memory,11,0,-0.042819,,,"{""longevity_rejuvenation"": 0.020768, ""hair_loss"": -0.050948}",ABT ACRS BSX GSK JNJ LLY MRK OGN PFE TEVA ZBH,,empty_basket
2022Q4,tercile_ref,1,ex_large,2023-01-03,2023-03-31,3,hair_loss|longevity_rejuvenation,hibernation_hypothermia|cognitive_memory,11,0,-0.042819,,,"{""longevity_rejuvenation"": 0.020768, ""hair_loss"": -0.050948}",ABT ACRS BSX GSK JNJ LLY MRK OGN PFE TEVA ZBH,,empty_basket
2022Q4,tercile_ref,4,full,2023-01-03,2023-12-29,3,hair_loss|longevity_rejuvenation,hibernation_hypothermia|cognitive_memory,11,0,-0.180235,,,"{""longevity_rejuvenation"": -0.003781, ""hair_loss"": -0.167685}",ABT ACRS BSX GSK JNJ LLY MRK OGN PFE TEVA ZBH,,empty_basket
2022Q4,tercile_ref,4,ex_large,2023-01-03,2023-12-29,3,hair_loss|longevity_rejuvenation,hibernation_hypothermia|cognitive_memory,11,0,-0.180235,,,"{""longevity_rejuvenation"": -0.003781, ""hair_loss"": -0.167685}",ABT ACRS BSX GSK JNJ LLY MRK OGN PFE TEVA ZBH,,empty_basket
2023Q1,rule_a1,1,full,2023-04-03,2023-06-30,3,longevity_rejuvenation,obesity_glp1,5,24,-0.035068,-0.06482,0.029751,"{""longevity_rejuvenation"": -0.02673}",ABT BSX JNJ OGN ZBH,ALT AMGN AZN BAX BMY GILD HUM INCY INGR IONS ISRG MDT MED NVO NVS OPK REGN RMD RYTM SNY TAK UNH VANI VTVT,
2023Q1,rule_a1,1,ex_large,2023-04-03,2023-06-30,3,longevity_rejuvenation,obesity_glp1,5,8,-0.035068,-0.051298,0.01623,"{""longevity_rejuvenation"": -0.02673}",ABT BSX JNJ OGN ZBH,ALT AZN MED NVO OPK RYTM VANI VTVT,
2023Q1,rule_a1,4,full,2023-04-03,2024-03-28,3,longevity_rejuvenation,obesity_glp1,5,24,-0.132103,-0.073094,-0.059009,"{""longevity_rejuvenation"": -0.141565}",ABT BSX JNJ OGN ZBH,ALT AMGN AZN BAX BMY GILD HUM INCY INGR IONS ISRG MDT MED NVO NVS OPK REGN RMD RYTM SNY TAK UNH VANI VTVT,
2023Q1,rule_a1,4,ex_large,2023-04-03,2024-03-28,3,longevity_rejuvenation,obesity_glp1,5,8,-0.132103,0.11515,-0.247253,"{""longevity_rejuvenation"": -0.141565}",ABT BSX JNJ OGN ZBH,ALT AZN MED NVO OPK RYTM VANI VTVT,
2023Q1,tercile_ref,1,full,2023-04-03,2023-06-30,3,meal_replacement_metabolic|hibernation_hypothermia,hair_loss|obesity_glp1,2,28,-0.185178,-0.049841,-0.135337,"{""meal_replacement_metabolic"": -0.173501}",MED PFE,ACRS ALT AMGN AZN BAX BMY GILD GSK HUM INCY INGR IONS ISRG LLY MDT MRK NVO NVS OPK REGN RMD RYTM SNY TAK TEVA UNH VANI VTVT,
2023Q1,tercile_ref,1,ex_large,2023-04-03,2023-06-30,3,meal_replacement_metabolic|hibernation_hypothermia,hair_loss|obesity_glp1,2,12,-0.185178,-0.021483,-0.163695,"{""meal_replacement_metabolic"": -0.173501}",MED PFE,ACRS ALT AZN GSK LLY MRK NVO OPK RYTM TEVA VANI VTVT,
2023Q1,tercile_ref,4,full,2023-04-03,2024-03-28,3,meal_replacement_metabolic|hibernation_hypothermia,hair_loss|obesity_glp1,2,28,-0.820932,-0.030783,-0.790149,"{""meal_replacement_metabolic"": -0.684233}",MED PFE,ACRS ALT AMGN AZN BAX BMY GILD GSK HUM INCY INGR IONS ISRG LLY MDT MRK NVO NVS OPK REGN RMD RYTM SNY TAK TEVA UNH VANI VTVT,
2023Q1,tercile_ref,4,ex_large,2023-04-03,2024-03-28,3,meal_replacement_metabolic|hibernation_hypothermia,hair_loss|obesity_glp1,2,12,-0.820932,0.141153,-0.962085,"{""meal_replacement_metabolic"": -0.684233}",MED PFE,ACRS ALT AZN GSK LLY MRK NVO OPK RYTM TEVA VANI VTVT,
2023Q2,rule_a1,1,full,2023-07-03,2023-09-29,3,longevity_rejuvenation,obesity_glp1,5,24,0.011501,0.080138,-0.068638,"{""longevity_rejuvenation"": 0.019134}",ABT BSX JNJ OGN ZBH,ALT AMGN AZN BAX BMY GILD HUM INCY INGR IONS ISRG MDT MED NVO NVS OPK REGN RMD RYTM SNY TAK UNH VANI VTVT,
2023Q2,rule_a1,1,ex_large,2023-07-03,2023-09-29,3,longevity_rejuvenation,obesity_glp1,5,8,0.011501,0.039517,-0.028016,"{""longevity_rejuvenation"": 0.019134}",ABT BSX JNJ OGN ZBH,ALT AZN MED NVO OPK RYTM VANI VTVT,
2023Q2,rule_a1,4,full,2023-07-03,2024-06-28,3,longevity_rejuvenation,obesity_glp1,5,24,-0.084935,-0.024893,-0.060042,"{""longevity_rejuvenation"": -0.080812}",ABT BSX JNJ OGN ZBH,ALT AMGN AZN BAX BMY GILD HUM INCY INGR IONS ISRG MDT MED NVO NVS OPK REGN RMD RYTM SNY TAK UNH VANI VTVT,
2023Q2,rule_a1,4,ex_large,2023-07-03,2024-06-28,3,longevity_rejuvenation,obesity_glp1,5,8,-0.084935,0.095307,-0.180242,"{""longevity_rejuvenation"": -0.080812}",ABT BSX JNJ OGN ZBH,ALT AZN MED NVO OPK RYTM VANI VTVT,
2023Q2,tercile_ref,1,full,2023-07-03,2023-09-29,3,longevity_rejuvenation|hibernation_hypothermia,obesity_glp1|meal_replacement_metabolic,5,24,0.011501,0.080138,-0.068638,"{""longevity_rejuvenation"": 0.019134}",ABT BSX JNJ OGN ZBH,ALT AMGN AZN BAX BMY GILD HUM INCY INGR IONS ISRG MDT MED NVO NVS OPK REGN RMD RYTM SNY TAK UNH VANI VTVT,
2023Q2,tercile_ref,1,ex_large,2023-07-03,2023-09-29,3,longevity_rejuvenation|hibernation_hypothermia,obesity_glp1|meal_replacement_metabolic,5,8,0.011501,0.039517,-0.028016,"{""longevity_rejuvenation"": 0.019134}",ABT BSX JNJ OGN ZBH,ALT AZN MED NVO OPK RYTM VANI VTVT,
2023Q2,tercile_ref,4,full,2023-07-03,2024-06-28,3,longevity_rejuvenation|hibernation_hypothermia,obesity_glp1|meal_replacement_metabolic,5,24,-0.084935,-0.024893,-0.060042,"{""longevity_rejuvenation"": -0.080812}",ABT BSX JNJ OGN ZBH,ALT AMGN AZN BAX BMY GILD HUM INCY INGR IONS ISRG MDT MED NVO NVS OPK REGN RMD RYTM SNY TAK UNH VANI VTVT,
2023Q2,tercile_ref,4,ex_large,2023-07-03,2024-06-28,3,longevity_rejuvenation|hibernation_hypothermia,obesity_glp1|meal_replacement_metabolic,5,8,-0.084935,0.095307,-0.180242,"{""longevity_rejuvenation"": -0.080812}",ABT BSX JNJ OGN ZBH,ALT AZN MED NVO OPK RYTM VANI VTVT,
2023Q3,rule_a1,1,full,2023-10-02,2023-12-29,3,hair_loss,obesity_glp1,8,24,-0.355041,-0.058804,-0.296236,"{""hair_loss"": -0.368858}",ACRS GSK JNJ LLY MRK OGN PFE TEVA,ALT AMGN AZN BAX BMY GILD HUM INCY INGR IONS ISRG MDT MED NVO NVS OPK REGN RMD RYTM SNY TAK UNH VANI VTVT,
2023Q3,rule_a1,1,ex_large,2023-10-02,2023-12-29,3,hair_loss,obesity_glp1,8,8,-0.355041,0.169339,-0.52438,"{""hair_loss"": -0.368858}",ACRS GSK JNJ LLY MRK OGN PFE TEVA,ALT AZN MED NVO OPK RYTM VANI VTVT,
2023Q3,rule_a1,4,full,2023-10-02,2024-09-30,3,hair_loss,obesity_glp1,8,24,-0.21229,-0.151442,-0.060848,"{""hair_loss"": -0.256508}",ACRS GSK JNJ LLY MRK OGN PFE TEVA,ALT AMGN AZN BAX BMY GILD HUM INCY INGR IONS ISRG MDT MED NVO NVS OPK REGN RMD RYTM SNY TAK UNH VANI VTVT,
2023Q3,rule_a1,4,ex_large,2023-10-02,2024-09-30,3,hair_loss,obesity_glp1,8,8,-0.21229,-0.089532,-0.122758,"{""hair_loss"": -0.256508}",ACRS GSK JNJ LLY MRK OGN PFE TEVA,ALT AZN MED NVO OPK RYTM VANI VTVT,
2023Q3,tercile_ref,1,full,2023-10-02,2023-12-29,3,hair_loss|cognitive_memory,obesity_glp1|meal_replacement_metabolic,8,24,-0.355041,-0.058804,-0.296236,"{""hair_loss"": -0.368858}",ACRS GSK JNJ LLY MRK OGN PFE TEVA,ALT AMGN AZN BAX BMY GILD HUM INCY INGR IONS ISRG MDT MED NVO NVS OPK REGN RMD RYTM SNY TAK UNH VANI VTVT,
2023Q3,tercile_ref,1,ex_large,2023-10-02,2023-12-29,3,hair_loss|cognitive_memory,obesity_glp1|meal_replacement_metabolic,8,8,-0.355041,0.169339,-0.52438,"{""hair_loss"": -0.368858}",ACRS GSK JNJ LLY MRK OGN PFE TEVA,ALT AZN MED NVO OPK RYTM VANI VTVT,
2023Q3,tercile_ref,4,full,2023-10-02,2024-09-30,3,hair_loss|cognitive_memory,obesity_glp1|meal_replacement_metabolic,8,24,-0.21229,-0.151442,-0.060848,"{""hair_loss"": -0.256508}",ACRS GSK JNJ LLY MRK OGN PFE TEVA,ALT AMGN AZN BAX BMY GILD HUM INCY INGR IONS ISRG MDT MED NVO NVS OPK REGN RMD RYTM SNY TAK UNH VANI VTVT,
2023Q3,tercile_ref,4,ex_large,2023-10-02,2024-09-30,3,hair_loss|cognitive_memory,obesity_glp1|meal_replacement_metabolic,8,8,-0.21229,-0.089532,-0.122758,"{""hair_loss"": -0.256508}",ACRS GSK JNJ LLY MRK OGN PFE TEVA,ALT AZN MED NVO OPK RYTM VANI VTVT,
2023Q4,rule_a1,1,full,2024-01-02,2024-03-28,3,hair_loss,obesity_glp1,8,24,0.09956,-0.00639,0.10595,"{""hair_loss"": 0.121767}",ACRS GSK JNJ LLY MRK OGN PFE TEVA,ALT AMGN AZN BAX BMY GILD HUM INCY INGR IONS ISRG MDT MED NVO NVS OPK REGN RMD RYTM SNY TAK UNH VANI VTVT,
2023Q4,rule_a1,1,ex_large,2024-01-02,2024-03-28,3,hair_loss,obesity_glp1,8,8,0.09956,0.108075,-0.008514,"{""hair_loss"": 0.121767}",ACRS GSK JNJ LLY MRK OGN PFE TEVA,ALT AZN MED NVO OPK RYTM VANI VTVT,
2023Q4,rule_a1,4,full,2024-01-02,2024-12-31,3,hair_loss,obesity_glp1,8,24,0.265843,-0.032285,0.298128,"{""hair_loss"": 0.317489}",ACRS GSK JNJ LLY MRK OGN PFE TEVA,ALT AMGN AZN BAX BMY GILD HUM INCY INGR IONS ISRG MDT MED NVO NVS OPK REGN RMD RYTM SNY TAK UNH VANI VTVT,
2023Q4,rule_a1,4,ex_large,2024-01-02,2024-12-31,3,hair_loss,obesity_glp1,8,8,0.265843,-0.095991,0.361835,"{""hair_loss"": 0.317489}",ACRS GSK JNJ LLY MRK OGN PFE TEVA,ALT AZN MED NVO OPK RYTM VANI VTVT,
2023Q4,tercile_ref,1,full,2024-01-02,2024-03-28,3,meal_replacement_metabolic|hair_loss,obesity_glp1|hibernation_hypothermia,9,23,0.038276,0.014394,0.023882,"{""hair_loss"": 0.11979, ""meal_replacement_metabolic"": -0.067776}",ACRS GSK JNJ LLY MED MRK OGN PFE TEVA,ALT AMGN AZN BAX BMY GILD HUM INCY INGR IONS ISRG MDT NVO NVS OPK REGN RMD RYTM SNY TAK UNH VANI VTVT,
2023Q4,tercile_ref,1,ex_large,2024-01-02,2024-03-28,3,meal_replacement_metabolic|hair_loss,obesity_glp1|hibernation_hypothermia,9,7,0.038276,0.182246,-0.143971,"{""hair_loss"": 0.11979, ""meal_replacement_metabolic"": -0.067776}",ACRS GSK JNJ LLY MED MRK OGN PFE TEVA,ALT AZN NVO OPK RYTM VANI VTVT,
2023Q4,tercile_ref,4,full,2024-01-02,2024-12-31,3,meal_replacement_metabolic|hair_loss,obesity_glp1|hibernation_hypothermia,9,23,0.171594,-0.000477,0.172071,"{""hair_loss"": 0.28808, ""meal_replacement_metabolic"": -0.089049}",ACRS GSK JNJ LLY MED MRK OGN PFE TEVA,ALT AMGN AZN BAX BMY GILD HUM INCY INGR IONS ISRG MDT NVO NVS OPK REGN RMD RYTM SNY TAK UNH VANI VTVT,
2023Q4,tercile_ref,4,ex_large,2024-01-02,2024-12-31,3,meal_replacement_metabolic|hair_loss,obesity_glp1|hibernation_hypothermia,9,7,0.171594,0.002748,0.168846,"{""hair_loss"": 0.28808, ""meal_replacement_metabolic"": -0.089049}",ACRS GSK JNJ LLY MED MRK OGN PFE TEVA,ALT AZN NVO OPK RYTM VANI VTVT,
2024Q1,rule_a1,1,full,2024-04-01,2024-06-28,3,hair_loss,obesity_glp1,8,26,0.024749,-0.04349,0.068238,"{""hair_loss"": 0.034973}",ACRS GSK JNJ LLY MRK OGN PFE TEVA,ALT AMGN AZN BAX BMY BODI GILD HUM INCY INGR IONS ISRG MDT MED NVO NVS OPK REGN RMD RYTM SNY TAK UNH VANI VERU VTVT,
2024Q1,rule_a1,1,ex_large,2024-04-01,2024-06-28,3,hair_loss,obesity_glp1,8,10,0.024749,-0.132222,0.156971,"{""hair_loss"": 0.034973}",ACRS GSK JNJ LLY MRK OGN PFE TEVA,ALT AZN BODI MED NVO OPK RYTM VANI VERU VTVT,
2024Q1,rule_a1,4,full,2024-04-01,2025-03-31,3,hair_loss,obesity_glp1,8,26,0.132292,0.09157,0.040723,"{""hair_loss"": 0.132333}",ACRS GSK JNJ LLY MRK OGN PFE TEVA,ALT AMGN AZN BAX BMY BODI GILD HUM INCY INGR IONS ISRG MDT MED NVO NVS OPK REGN RMD RYTM SNY TAK UNH VANI VERU VTVT,
2024Q1,rule_a1,4,ex_large,2024-04-01,2025-03-31,3,hair_loss,obesity_glp1,8,10,0.132292,-0.130364,0.262657,"{""hair_loss"": 0.132333}",ACRS GSK JNJ LLY MRK OGN PFE TEVA,ALT AZN BODI MED NVO OPK RYTM VANI VERU VTVT,
2024Q1,tercile_ref,1,full,2024-04-01,2024-06-28,3,hair_loss|longevity_rejuvenation,cognitive_memory|obesity_glp1,11,25,0.009428,-0.027938,0.037366,"{""longevity_rejuvenation"": -0.006031, ""hair_loss"": 0.025435}",ABT ACRS BSX GSK JNJ LLY MRK OGN PFE TEVA ZBH,ALT AMGN AZN BAX BMY BODI GILD HUM INCY INGR IONS ISRG MDT NVO NVS OPK REGN RMD RYTM SNY TAK UNH VANI VERU VTVT,
2024Q1,tercile_ref,1,ex_large,2024-04-01,2024-06-28,3,hair_loss|longevity_rejuvenation,cognitive_memory|obesity_glp1,11,9,0.009428,-0.095634,0.105062,"{""longevity_rejuvenation"": -0.006031, ""hair_loss"": 0.025435}",ABT ACRS BSX GSK JNJ LLY MRK OGN PFE TEVA ZBH,ALT AZN BODI NVO OPK RYTM VANI VERU VTVT,
2024Q1,tercile_ref,4,full,2024-04-01,2025-03-31,3,hair_loss|longevity_rejuvenation,cognitive_memory|obesity_glp1,11,25,0.183438,0.116256,0.067182,"{""longevity_rejuvenation"": 0.088449, ""hair_loss"": 0.096242}",ABT ACRS BSX GSK JNJ LLY MRK OGN PFE TEVA ZBH,ALT AMGN AZN BAX BMY BODI GILD HUM INCY INGR IONS ISRG MDT NVO NVS OPK REGN RMD RYTM SNY TAK UNH VANI VERU VTVT,
2024Q1,tercile_ref,4,ex_large,2024-04-01,2025-03-31,3,hair_loss|longevity_rejuvenation,cognitive_memory|obesity_glp1,11,9,0.183438,-0.072974,0.256411,"{""longevity_rejuvenation"": 0.088449, ""hair_loss"": 0.096242}",ABT ACRS BSX GSK JNJ LLY MRK OGN PFE TEVA ZBH,ALT AZN BODI NVO OPK RYTM VANI VERU VTVT,
2024Q2,rule_a1,1,full,2024-07-01,2024-09-30,3,hair_loss,obesity_glp1,8,26,-0.051486,-0.027669,-0.023817,"{""hair_loss"": -0.043159}",ACRS GSK JNJ LLY MRK OGN PFE TEVA,ALT AMGN AZN BAX BMY BODI GILD HUM INCY INGR IONS ISRG MDT MED NVO NVS OPK REGN RMD RYTM SNY TAK UNH VANI VERU VTVT,
2024Q2,rule_a1,1,ex_large,2024-07-01,2024-09-30,3,hair_loss,obesity_glp1,8,10,-0.051486,-0.145219,0.093733,"{""hair_loss"": -0.043159}",ACRS GSK JNJ LLY MRK OGN PFE TEVA,ALT AZN BODI MED NVO OPK RYTM VANI VERU VTVT,
2024Q2,rule_a1,4,full,2024-07-01,2025-06-30,3,hair_loss,obesity_glp1,8,26,0.01295,0.069954,-0.057005,"{""hair_loss"": 0.020699}",ACRS GSK JNJ LLY MRK OGN PFE TEVA,ALT AMGN AZN BAX BMY BODI GILD HUM INCY INGR IONS ISRG MDT MED NVO NVS OPK REGN RMD RYTM SNY TAK UNH VANI VERU VTVT,
2024Q2,rule_a1,4,ex_large,2024-07-01,2025-06-30,3,hair_loss,obesity_glp1,8,10,0.01295,-0.095616,0.108566,"{""hair_loss"": 0.020699}",ACRS GSK JNJ LLY MRK OGN PFE TEVA,ALT AZN BODI MED NVO OPK RYTM VANI VERU VTVT,
2024Q2,tercile_ref,1,full,2024-07-01,2024-09-30,3,meal_replacement_metabolic|cognitive_memory,obesity_glp1|hibernation_hypothermia,2,25,-0.095724,-0.022571,-0.073153,"{""meal_replacement_metabolic"": -0.087252}",MED PFE,ALT AMGN AZN BAX BMY BODI GILD HUM INCY INGR IONS ISRG MDT NVO NVS OPK REGN RMD RYTM SNY TAK UNH VANI VERU VTVT,
2024Q2,tercile_ref,1,ex_large,2024-07-01,2024-09-30,3,meal_replacement_metabolic|cognitive_memory,obesity_glp1|hibernation_hypothermia,2,9,-0.095724,-0.143111,0.047387,"{""meal_replacement_metabolic"": -0.087252}",MED PFE,ALT AZN BODI NVO OPK RYTM VANI VERU VTVT,
2024Q2,tercile_ref,4,full,2024-07-01,2025-06-30,3,meal_replacement_metabolic|cognitive_memory,obesity_glp1|hibernation_hypothermia,2,25,-0.128243,0.08221,-0.210453,"{""meal_replacement_metabolic"": -0.099435}",MED PFE,ALT AMGN AZN BAX BMY BODI GILD HUM INCY INGR IONS ISRG MDT NVO NVS OPK REGN RMD RYTM SNY TAK UNH VANI VERU VTVT,
2024Q2,tercile_ref,4,ex_large,2024-07-01,2025-06-30,3,meal_replacement_metabolic|cognitive_memory,obesity_glp1|hibernation_hypothermia,2,9,-0.128243,-0.075407,-0.052836,"{""meal_replacement_metabolic"": -0.099435}",MED PFE,ALT AZN BODI NVO OPK RYTM VANI VERU VTVT,
2024Q3,rule_a1,1,full,2024-10-01,2024-12-31,3,longevity_rejuvenation,obesity_glp1,5,30,0.023948,0.003946,0.020003,"{""longevity_rejuvenation"": 0.031744}",ABT BSX JNJ OGN ZBH,ALT AMGN AZN BAX BIOA BMY BODI GILD GUTS HUM INCY INGR IONS ISRG MDT MED NVO NVS OPK REGN RMD RYTM SKYE SNY TAK UNH VANI VERU VTVT WW,
2024Q3,rule_a1,1,ex_large,2024-10-01,2024-12-31,3,longevity_rejuvenation,obesity_glp1,5,14,0.023948,0.017432,0.006517,"{""longevity_rejuvenation"": 0.031744}",ABT BSX JNJ OGN ZBH,ALT AZN BIOA BODI GUTS MED NVO OPK RYTM SKYE VANI VERU VTVT WW,
2024Q3,rule_a1,4,full,2024-10-01,2025-09-30,3,longevity_rejuvenation,obesity_glp1,5,30,-0.020789,0.68639,-0.707178,"{""longevity_rejuvenation"": -0.01098}",ABT BSX JNJ OGN ZBH,ALT AMGN AZN BAX BIOA BMY BODI GILD GUTS HUM INCY INGR IONS ISRG MDT MED NVO NVS OPK REGN RMD RYTM SKYE SNY TAK UNH VANI VERU VTVT WW,
2024Q3,rule_a1,4,ex_large,2024-10-01,2025-09-30,3,longevity_rejuvenation,obesity_glp1,5,14,-0.020789,1.148104,-1.168893,"{""longevity_rejuvenation"": -0.01098}",ABT BSX JNJ OGN ZBH,ALT AZN BIOA BODI GUTS MED NVO OPK RYTM SKYE VANI VERU VTVT WW,
2024Q3,tercile_ref,1,full,2024-10-01,2024-12-31,3,longevity_rejuvenation|meal_replacement_metabolic,obesity_glp1|cognitive_memory,7,29,0.017104,0.004517,0.012587,"{""longevity_rejuvenation"": 0.022674, ""meal_replacement_metabolic"": 0.002583}",ABT BSX JNJ MED OGN PFE ZBH,ALT AMGN AZN BAX BIOA BMY BODI GILD GUTS HUM INCY INGR IONS ISRG MDT NVO NVS OPK REGN RMD RYTM SKYE SNY TAK UNH VANI VERU VTVT WW,
2024Q3,tercile_ref,1,ex_large,2024-10-01,2024-12-31,3,longevity_rejuvenation|meal_replacement_metabolic,obesity_glp1|cognitive_memory,7,13,0.017104,0.019717,-0.002613,"{""longevity_rejuvenation"": 0.022674, ""meal_replacement_metabolic"": 0.002583}",ABT BSX JNJ MED OGN PFE ZBH,ALT AZN BIOA BODI GUTS NVO OPK RYTM SKYE VANI VERU VTVT WW,
2024Q3,tercile_ref,4,full,2024-10-01,2025-09-30,3,longevity_rejuvenation|meal_replacement_metabolic,obesity_glp1|cognitive_memory,7,29,-0.073189,0.708677,-0.781866,"{""longevity_rejuvenation"": -0.007843, ""meal_replacement_metabolic"": -0.054814}",ABT BSX JNJ MED OGN PFE ZBH,ALT AMGN AZN BAX BIOA BMY BODI GILD GUTS HUM INCY INGR IONS ISRG MDT NVO NVS OPK REGN RMD RYTM SKYE SNY TAK UNH VANI VERU VTVT WW,
2024Q3,tercile_ref,4,ex_large,2024-10-01,2025-09-30,3,longevity_rejuvenation|meal_replacement_metabolic,obesity_glp1|cognitive_memory,7,13,-0.073189,1.206495,-1.279684,"{""longevity_rejuvenation"": -0.007843, ""meal_replacement_metabolic"": -0.054814}",ABT BSX JNJ MED OGN PFE ZBH,ALT AZN BIOA BODI GUTS NVO OPK RYTM SKYE VANI VERU VTVT WW,
2024Q4,rule_a1,1,full,2025-01-02,2025-03-31,3,longevity_rejuvenation,obesity_glp1,6,32,0.152491,0.048853,0.103637,"{""longevity_rejuvenation"": 0.156341}",ABT BSX JNJ OGN PRE ZBH,ALT AMGN ARWR AZN BAX BIOA BMY BODI GILD GUTS HUM INCY INGR IONS ISRG LEXX MDT MED NVO NVS OPK REGN RMD RYTM SKYE SNY TAK UNH VANI VERU VTVT WW,
2024Q4,rule_a1,1,ex_large,2025-01-02,2025-03-31,3,longevity_rejuvenation,obesity_glp1,6,16,0.152491,-0.087831,0.240321,"{""longevity_rejuvenation"": 0.156341}",ABT BSX JNJ OGN PRE ZBH,ALT ARWR AZN BIOA BODI GUTS LEXX MED NVO OPK RYTM SKYE VANI VERU VTVT WW,
2024Q4,rule_a1,4,full,2025-01-02,2025-12-31,3,longevity_rejuvenation,obesity_glp1,6,32,-0.037157,0.299611,-0.336768,"{""longevity_rejuvenation"": -0.03582}",ABT BSX JNJ OGN PRE ZBH,ALT AMGN ARWR AZN BAX BIOA BMY BODI GILD GUTS HUM INCY INGR IONS ISRG LEXX MDT MED NVO NVS OPK REGN RMD RYTM SKYE SNY TAK UNH VANI VERU VTVT WW,
2024Q4,rule_a1,4,ex_large,2025-01-02,2025-12-31,3,longevity_rejuvenation,obesity_glp1,6,16,-0.037157,0.604104,-0.641261,"{""longevity_rejuvenation"": -0.03582}",ABT BSX JNJ OGN PRE ZBH,ALT ARWR AZN BIOA BODI GUTS LEXX MED NVO OPK RYTM SKYE VANI VERU VTVT WW,
2024Q4,tercile_ref,1,full,2025-01-02,2025-03-31,3,meal_replacement_metabolic|longevity_rejuvenation,obesity_glp1|cognitive_memory,8,31,0.111207,0.054336,0.056871,"{""longevity_rejuvenation"": 0.117256, ""meal_replacement_metabolic"": -0.003074}",ABT BSX JNJ MED OGN PFE PRE ZBH,ALT AMGN ARWR AZN BAX BIOA BMY BODI GILD GUTS HUM INCY INGR IONS ISRG LEXX MDT NVO NVS OPK REGN RMD RYTM SKYE SNY TAK UNH VANI VERU VTVT WW,
2024Q4,tercile_ref,1,ex_large,2025-01-02,2025-03-31,3,meal_replacement_metabolic|longevity_rejuvenation,obesity_glp1|cognitive_memory,8,15,0.111207,-0.084574,0.195781,"{""longevity_rejuvenation"": 0.117256, ""meal_replacement_metabolic"": -0.003074}",ABT BSX JNJ MED OGN PFE PRE ZBH,ALT ARWR AZN BIOA BODI GUTS LEXX NVO OPK RYTM SKYE VANI VERU VTVT WW,
2024Q4,tercile_ref,4,full,2025-01-02,2025-12-31,3,meal_replacement_metabolic|longevity_rejuvenation,obesity_glp1|cognitive_memory,8,31,-0.136135,0.32071,-0.456845,"{""longevity_rejuvenation"": -0.026865, ""meal_replacement_metabolic"": -0.131575}",ABT BSX JNJ MED OGN PFE PRE ZBH,ALT AMGN ARWR AZN BAX BIOA BMY BODI GILD GUTS HUM INCY INGR IONS ISRG LEXX MDT NVO NVS OPK REGN RMD RYTM SKYE SNY TAK UNH VANI VERU VTVT WW,
2024Q4,tercile_ref,4,ex_large,2025-01-02,2025-12-31,3,meal_replacement_metabolic|longevity_rejuvenation,obesity_glp1|cognitive_memory,8,15,-0.136135,0.652894,-0.789029,"{""longevity_rejuvenation"": -0.026865, ""meal_replacement_metabolic"": -0.131575}",ABT BSX JNJ MED OGN PFE PRE ZBH,ALT ARWR AZN BIOA BODI GUTS LEXX NVO OPK RYTM SKYE VANI VERU VTVT WW,
2025Q1,rule_a1,1,full,2025-04-01,2025-06-30,3,longevity_rejuvenation,obesity_glp1,6,34,0.049924,-0.013081,0.063005,"{""longevity_rejuvenation"": 0.065531}",ABT BSX JNJ OGN PRE ZBH,AARD ALT AMGN ARWR AZN BAX BIOA BMY BODI GILD GUTS HUM INCY INGR IONS ISRG LEXX MDT MED NVO NVS OPK RANI REGN RMD RYTM SKYE SNY TAK UNH VANI VERU VNDA VTVT,
2025Q1,rule_a1,1,ex_large,2025-04-01,2025-06-30,3,longevity_rejuvenation,obesity_glp1,6,19,0.049924,0.056548,-0.006623,"{""longevity_rejuvenation"": 0.065531}",ABT BSX JNJ OGN PRE ZBH,AARD ALT ARWR AZN BIOA BODI GUTS IONS LEXX MED NVO OPK RANI RYTM SKYE VANI VERU VNDA VTVT,
2025Q1,rule_a1,4,full,2025-04-01,2026-03-31,3,longevity_rejuvenation,obesity_glp1,6,35,-0.078861,0.164925,-0.243787,"{""longevity_rejuvenation"": -0.109137}",ABT BSX JNJ OGN PRE ZBH,AARD ALT AMGN ARWR AZN BAX BIOA BMY BODI GILD GUTS HUM INCY INGR IONS ISRG LEXX MDT MED NVO NVS OPK RANI REGN RMD RYTM SKYE SNY TAK UNH VANI VERU VNDA VTVT WW,
2025Q1,rule_a1,4,ex_large,2025-04-01,2026-03-31,3,longevity_rejuvenation,obesity_glp1,6,20,-0.078861,0.467523,-0.546384,"{""longevity_rejuvenation"": -0.109137}",ABT BSX JNJ OGN PRE ZBH,AARD ALT ARWR AZN BIOA BODI GUTS IONS LEXX MED NVO OPK RANI RYTM SKYE VANI VERU VNDA VTVT WW,
2025Q1,tercile_ref,1,full,2025-04-01,2025-06-30,3,meal_replacement_metabolic|cognitive_memory,obesity_glp1|hibernation_hypothermia,2,33,-0.031987,-0.013407,-0.01858,"{""meal_replacement_metabolic"": -0.023076}",MED PFE,AARD ALT AMGN ARWR AZN BAX BIOA BMY BODI GILD GUTS HUM INCY INGR IONS ISRG LEXX MDT NVO NVS OPK RANI REGN RMD RYTM SKYE SNY TAK UNH VANI VERU VNDA VTVT,
2025Q1,tercile_ref,1,ex_large,2025-04-01,2025-06-30,3,meal_replacement_metabolic|cognitive_memory,obesity_glp1|hibernation_hypothermia,2,18,-0.031987,0.059721,-0.091708,"{""meal_replacement_metabolic"": -0.023076}",MED PFE,AARD ALT ARWR AZN BIOA BODI GUTS IONS LEXX NVO OPK RANI RYTM SKYE VANI VERU VNDA VTVT,
2025Q1,tercile_ref,4,full,2025-04-01,2026-03-31,3,meal_replacement_metabolic|cognitive_memory,obesity_glp1|hibernation_hypothermia,2,34,-0.503153,0.182507,-0.685659,"{""meal_replacement_metabolic"": -0.638488}",MED PFE,AARD ALT AMGN ARWR AZN BAX BIOA BMY BODI GILD GUTS HUM INCY INGR IONS ISRG LEXX MDT NVO NVS OPK RANI REGN RMD RYTM SKYE SNY TAK UNH VANI VERU VNDA VTVT WW,
2025Q1,tercile_ref,4,ex_large,2025-04-01,2026-03-31,3,meal_replacement_metabolic|cognitive_memory,obesity_glp1|hibernation_hypothermia,2,19,-0.503153,0.504042,-1.007195,"{""meal_replacement_metabolic"": -0.638488}",MED PFE,AARD ALT ARWR AZN BIOA BODI GUTS IONS LEXX NVO OPK RANI RYTM SKYE VANI VERU VNDA VTVT WW,
2025Q2,rule_a1,1,full,2025-07-01,2025-09-30,4,meal_replacement_metabolic,obesity_glp1,3,34,-0.13507,-0.091479,-0.043591,"{""meal_replacement_metabolic"": -0.14183}",AAPL MED PFE,AARD ALT AMGN ARWR AZN BAX BIOA BMY BODI GILD GUTS HUM INCY INGR IONS ISRG LEXX MDT NVO NVS OMDA OPK RANI REGN RMD RYTM SKYE SNY TAK UNH VANI VERU VNDA VTVT,
2025Q2,rule_a1,1,ex_large,2025-07-01,2025-09-30,4,meal_replacement_metabolic,obesity_glp1,3,18,-0.13507,-0.031369,-0.103701,"{""meal_replacement_metabolic"": -0.14183}",AAPL MED PFE,AARD ALT ARWR AZN BIOA BODI GUTS LEXX NVO OMDA OPK RANI RYTM SKYE VANI VERU VNDA VTVT,
2025Q2,rule_a1,4,full,2025-07-01,2026-06-30,4,meal_replacement_metabolic,obesity_glp1,3,34,-0.609914,-0.324205,-0.285709,"{""meal_replacement_metabolic"": -0.863157}",AAPL MED PFE,AARD ALT AMGN ARWR AZN BAX BIOA BMY BODI GILD GUTS HUM INCY INGR IONS ISRG LEXX MDT NVO NVS OMDA OPK RANI REGN RMD RYTM SKYE SNY TAK UNH VANI VERU VNDA VTVT,
2025Q2,rule_a1,4,ex_large,2025-07-01,2026-06-30,4,meal_replacement_metabolic,obesity_glp1,3,18,-0.609914,-0.183395,-0.426519,"{""meal_replacement_metabolic"": -0.863157}",AAPL MED PFE,AARD ALT ARWR AZN BIOA BODI GUTS LEXX NVO OMDA OPK RANI RYTM SKYE VANI VERU VNDA VTVT,
2025Q2,tercile_ref,1,full,2025-07-01,2025-09-30,4,meal_replacement_metabolic|hair_loss,obesity_glp1|hibernation_hypothermia,11,34,-0.078703,-0.091479,0.012776,"{""meal_replacement_metabolic"": -0.038681, ""hair_loss"": -0.041419}",AAPL ABBV ACRS GSK JNJ LLY MED MRK OGN PFE TEVA,AARD ALT AMGN ARWR AZN BAX BIOA BMY BODI GILD GUTS HUM INCY INGR IONS ISRG LEXX MDT NVO NVS OMDA OPK RANI REGN RMD RYTM SKYE SNY TAK UNH VANI VERU VNDA VTVT,
2025Q2,tercile_ref,1,ex_large,2025-07-01,2025-09-30,4,meal_replacement_metabolic|hair_loss,obesity_glp1|hibernation_hypothermia,11,18,-0.078703,-0.031369,-0.047334,"{""meal_replacement_metabolic"": -0.038681, ""hair_loss"": -0.041419}",AAPL ABBV ACRS GSK JNJ LLY MED MRK OGN PFE TEVA,AARD ALT ARWR AZN BIOA BODI GUTS LEXX NVO OMDA OPK RANI RYTM SKYE VANI VERU VNDA VTVT,
2025Q2,tercile_ref,4,full,2025-07-01,2026-06-30,4,meal_replacement_metabolic|hair_loss,obesity_glp1|hibernation_hypothermia,11,34,-0.17125,-0.324205,0.152956,"{""meal_replacement_metabolic"": -0.235406, ""hair_loss"": -0.049519}",AAPL ABBV ACRS GSK JNJ LLY MED MRK OGN PFE TEVA,AARD ALT AMGN ARWR AZN BAX BIOA BMY BODI GILD GUTS HUM INCY INGR IONS ISRG LEXX MDT NVO NVS OMDA OPK RANI REGN RMD RYTM SKYE SNY TAK UNH VANI VERU VNDA VTVT,
2025Q2,tercile_ref,4,ex_large,2025-07-01,2026-06-30,4,meal_replacement_metabolic|hair_loss,obesity_glp1|hibernation_hypothermia,11,18,-0.17125,-0.183395,0.012146,"{""meal_replacement_metabolic"": -0.235406, ""hair_loss"": -0.049519}",AAPL ABBV ACRS GSK JNJ LLY MED MRK OGN PFE TEVA,AARD ALT ARWR AZN BIOA BODI GUTS LEXX NVO OMDA OPK RANI RYTM SKYE VANI VERU VNDA VTVT,
2025Q3,rule_a1,1,full,2025-10-01,2025-12-31,4,meal_replacement_metabolic,obesity_glp1,3,36,-0.272597,-0.044525,-0.228071,"{""meal_replacement_metabolic"": -0.278631}",AAPL MED PFE,AARD ALT AMGN ARWR AZN BAX BIOA BMY BODI GILD GUTS HUM INCY INGR IONS ISRG LEXX MBX MDT NVO NVS OMDA OPK RANI REGN RMD RYTM SKYE SNY TAK UNH VANI VERU VNDA VTVT WW,
2025Q3,rule_a1,1,ex_large,2025-10-01,2025-12-31,4,meal_replacement_metabolic,obesity_glp1,3,19,-0.272597,0.031178,-0.303774,"{""meal_replacement_metabolic"": -0.278631}",AAPL MED PFE,AARD ALT ARWR AZN BIOA BODI GUTS LEXX MBX NVO OMDA OPK RANI SKYE VANI VERU VNDA VTVT WW,
2025Q3,rule_a1,4,full,2025-10-01,2026-09-30,4,meal_replacement_metabolic,obesity_glp1,3,36,-0.366719,-0.417975,0.051256,"{""meal_replacement_metabolic"": -0.468552}",AAPL MED PFE,AARD ALT AMGN ARWR AZN BAX BIOA BMY BODI GILD GUTS HUM INCY INGR IONS ISRG LEXX MBX MDT NVO NVS OMDA OPK RANI REGN RMD RYTM SKYE SNY TAK UNH VANI VERU VNDA VTVT WW,
2025Q3,rule_a1,4,ex_large,2025-10-01,2026-09-30,4,meal_replacement_metabolic,obesity_glp1,3,19,-0.366719,-0.484424,0.117706,"{""meal_replacement_metabolic"": -0.468552}",AAPL MED PFE,AARD ALT ARWR AZN BIOA BODI GUTS LEXX MBX NVO OMDA OPK RANI SKYE VANI VERU VNDA VTVT WW,
2025Q3,tercile_ref,1,full,2025-10-01,2025-12-31,4,meal_replacement_metabolic|cognitive_memory,hibernation_hypothermia|obesity_glp1,3,36,-0.272597,-0.044525,-0.228071,"{""meal_replacement_metabolic"": -0.278631}",AAPL MED PFE,AARD ALT AMGN ARWR AZN BAX BIOA BMY BODI GILD GUTS HUM INCY INGR IONS ISRG LEXX MBX MDT NVO NVS OMDA OPK RANI REGN RMD RYTM SKYE SNY TAK UNH VANI VERU VNDA VTVT WW,
2025Q3,tercile_ref,1,ex_large,2025-10-01,2025-12-31,4,meal_replacement_metabolic|cognitive_memory,hibernation_hypothermia|obesity_glp1,3,19,-0.272597,0.031178,-0.303774,"{""meal_replacement_metabolic"": -0.278631}",AAPL MED PFE,AARD ALT ARWR AZN BIOA BODI GUTS LEXX MBX NVO OMDA OPK RANI SKYE VANI VERU VNDA VTVT WW,
2025Q3,tercile_ref,4,full,2025-10-01,2026-09-30,4,meal_replacement_metabolic|cognitive_memory,hibernation_hypothermia|obesity_glp1,3,36,-0.366719,-0.417975,0.051256,"{""meal_replacement_metabolic"": -0.468552}",AAPL MED PFE,AARD ALT AMGN ARWR AZN BAX BIOA BMY BODI GILD GUTS HUM INCY INGR IONS ISRG LEXX MBX MDT NVO NVS OMDA OPK RANI REGN RMD RYTM SKYE SNY TAK UNH VANI VERU VNDA VTVT WW,
2025Q3,tercile_ref,4,ex_large,2025-10-01,2026-09-30,4,meal_replacement_metabolic|cognitive_memory,hibernation_hypothermia|obesity_glp1,3,19,-0.366719,-0.484424,0.117706,"{""meal_replacement_metabolic"": -0.468552}",AAPL MED PFE,AARD ALT ARWR AZN BIOA BODI GUTS LEXX MBX NVO OMDA OPK RANI SKYE VANI VERU VNDA VTVT WW,
2025Q4,rule_a1,1,full,2026-01-02,2026-03-31,4,meal_replacement_metabolic,obesity_glp1,3,39,-0.042976,-0.149587,0.106611,"{""meal_replacement_metabolic"": -0.034096}",AAPL MED PFE,AARD ALT AMGN ARWR AZN BAX BIOA BMEA BMY BODI CRBP GILD GUTS HUM INCY INGR IONS ISRG LEXX MBX MDT NVO NVS OMDA OPK PTN RANI REGN RMD RYTM SKYE SNY TAK UNH VANI VERU VNDA VTVT WW,
2025Q4,rule_a1,1,ex_large,2026-01-02,2026-03-31,4,meal_replacement_metabolic,obesity_glp1,3,21,-0.042976,-0.196562,0.153586,"{""meal_replacement_metabolic"": -0.034096}",AAPL MED PFE,AARD ALT AZN BIOA BMEA BODI CRBP GUTS LEXX MBX NVO OMDA OPK PTN RANI SKYE VANI VERU VNDA VTVT WW,
2025Q4,rule_a1,4,full,2026-01-02,2026-09-30,4,meal_replacement_metabolic,obesity_glp1,,,,,,,,,window_incomplete
2025Q4,rule_a1,4,ex_large,2026-01-02,2026-09-30,4,meal_replacement_metabolic,obesity_glp1,,,,,,,,,window_incomplete
2025Q4,tercile_ref,1,full,2026-01-02,2026-03-31,4,meal_replacement_metabolic|cognitive_memory,obesity_glp1|hibernation_hypothermia,3,39,-0.042976,-0.149587,0.106611,"{""meal_replacement_metabolic"": -0.034096}",AAPL MED PFE,AARD ALT AMGN ARWR AZN BAX BIOA BMEA BMY BODI CRBP GILD GUTS HUM INCY INGR IONS ISRG LEXX MBX MDT NVO NVS OMDA OPK PTN RANI REGN RMD RYTM SKYE SNY TAK UNH VANI VERU VNDA VTVT WW,
2025Q4,tercile_ref,1,ex_large,2026-01-02,2026-03-31,4,meal_replacement_metabolic|cognitive_memory,obesity_glp1|hibernation_hypothermia,3,21,-0.042976,-0.196562,0.153586,"{""meal_replacement_metabolic"": -0.034096}",AAPL MED PFE,AARD ALT AZN BIOA BMEA BODI CRBP GUTS LEXX MBX NVO OMDA OPK PTN RANI SKYE VANI VERU VNDA VTVT WW,
2025Q4,tercile_ref,4,full,2026-01-02,2026-09-30,4,meal_replacement_metabolic|cognitive_memory,obesity_glp1|hibernation_hypothermia,,,,,,,,,window_incomplete
2025Q4,tercile_ref,4,ex_large,2026-01-02,2026-09-30,4,meal_replacement_metabolic|cognitive_memory,obesity_glp1|hibernation_hypothermia,,,,,,,,,window_incomplete
2026Q1,rule_a1,1,full,2026-04-01,2026-06-30,4,longevity_rejuvenation,obesity_glp1,6,42,-0.099489,-0.113644,0.014155,"{""longevity_rejuvenation"": -0.105479}",ABT BSX JNJ OGN PRE ZBH,AARD ACIU ALNY ALT AMGN ARWR AZN BAX BIOA BMEA BMY BODI CRBP GILD GUTS HUM IBIO INCY INGR IONS ISRG LEXX MBX MDT NVO NVS OMDA OPK PTN RANI REGN RMD RYTM SKYE SNY TAK UNH VANI VERU VNDA VTVT WW,
2026Q1,rule_a1,1,ex_large,2026-04-01,2026-06-30,4,longevity_rejuvenation,obesity_glp1,6,23,-0.099489,-0.100604,0.001115,"{""longevity_rejuvenation"": -0.105479}",ABT BSX JNJ OGN PRE ZBH,AARD ACIU ALT AZN BIOA BMEA BODI CRBP GUTS IBIO LEXX MBX NVO OMDA OPK PTN RANI SKYE VANI VERU VNDA VTVT WW,
2026Q1,rule_a1,4,full,2026-04-01,2026-09-30,4,longevity_rejuvenation,obesity_glp1,,,,,,,,,window_incomplete
2026Q1,rule_a1,4,ex_large,2026-04-01,2026-09-30,4,longevity_rejuvenation,obesity_glp1,,,,,,,,,window_incomplete
2026Q1,tercile_ref,1,full,2026-04-01,2026-06-30,4,longevity_rejuvenation|meal_replacement_metabolic,obesity_glp1|cognitive_memory,9,42,-0.133504,-0.113644,-0.01986,"{""meal_replacement_metabolic"": -0.072841, ""longevity_rejuvenation"": -0.070319}",AAPL ABT BSX JNJ MED OGN PFE PRE ZBH,AARD ACIU ALNY ALT AMGN ARWR AZN BAX BIOA BMEA BMY BODI CRBP GILD GUTS HUM IBIO INCY INGR IONS ISRG LEXX MBX MDT NVO NVS OMDA OPK PTN RANI REGN RMD RYTM SKYE SNY TAK UNH VANI VERU VNDA VTVT WW,
2026Q1,tercile_ref,1,ex_large,2026-04-01,2026-06-30,4,longevity_rejuvenation|meal_replacement_metabolic,obesity_glp1|cognitive_memory,9,23,-0.133504,-0.100604,-0.0329,"{""meal_replacement_metabolic"": -0.072841, ""longevity_rejuvenation"": -0.070319}",AAPL ABT BSX JNJ MED OGN PFE PRE ZBH,AARD ACIU ALT AZN BIOA BMEA BODI CRBP GUTS IBIO LEXX MBX NVO OMDA OPK PTN RANI SKYE VANI VERU VNDA VTVT WW,
2026Q1,tercile_ref,4,full,2026-04-01,2026-09-30,4,longevity_rejuvenation|meal_replacement_metabolic,obesity_glp1|cognitive_memory,,,,,,,,,window_incomplete
2026Q1,tercile_ref,4,ex_large,2026-04-01,2026-09-30,4,longevity_rejuvenation|meal_replacement_metabolic,obesity_glp1|cognitive_memory,,,,,,,,,window_incomplete
2026Q2,rule_a1,1,full,2026-07-01,2026-09-30,4,meal_replacement_metabolic,hair_loss,3,3,0.105588,0.019718,0.085869,"{""meal_replacement_metabolic"": 0.123417}",AAPL MED PFE,ACRS MANE TEVA,
2026Q2,rule_a1,1,ex_large,2026-07-01,2026-09-30,4,meal_replacement_metabolic,hair_loss,3,3,0.105588,0.019718,0.085869,"{""meal_replacement_metabolic"": 0.123417}",AAPL MED PFE,ACRS MANE TEVA,
2026Q2,rule_a1,4,full,2026-07-01,2026-09-30,4,meal_replacement_metabolic,hair_loss,,,,,,,,,window_incomplete
2026Q2,rule_a1,4,ex_large,2026-07-01,2026-09-30,4,meal_replacement_metabolic,hair_loss,,,,,,,,,window_incomplete
2026Q2,tercile_ref,1,full,2026-07-01,2026-09-30,4,meal_replacement_metabolic|longevity_rejuvenation,obesity_glp1|hair_loss,9,49,0.077911,-0.107116,0.185027,"{""meal_replacement_metabolic"": 0.041139, ""longevity_rejuvenation"": 0.051415}",AAPL ABT BSX JNJ MED OGN PFE PRE ZBH,AARD ABBV ACIU ACRS ALNY ALT AMGN ARWR AZN BAX BIOA BMEA BMY BODI CRBP GILD GSK GUTS HUM IBIO INCY INGR IONS ISRG LEXX LLY MANE MBX MDT MRK NVO NVS OMDA OPK PTN RANI REGN RMD RYTM SKYE SNY TAK TEVA UNH VANI VERU VNDA VTVT WW,
2026Q2,tercile_ref,1,ex_large,2026-07-01,2026-09-30,4,meal_replacement_metabolic|longevity_rejuvenation,obesity_glp1|hair_loss,9,26,0.077911,-0.199959,0.27787,"{""meal_replacement_metabolic"": 0.041139, ""longevity_rejuvenation"": 0.051415}",AAPL ABT BSX JNJ MED OGN PFE PRE ZBH,AARD ACIU ACRS ALT AZN BIOA BMEA BODI CRBP GUTS IBIO LEXX MANE MBX NVO OMDA OPK PTN RANI SKYE TEVA VANI VERU VNDA VTVT WW,
2026Q2,tercile_ref,4,full,2026-07-01,2026-09-30,4,meal_replacement_metabolic|longevity_rejuvenation,obesity_glp1|hair_loss,,,,,,,,,window_incomplete
2026Q2,tercile_ref,4,ex_large,2026-07-01,2026-09-30,4,meal_replacement_metabolic|longevity_rejuvenation,obesity_glp1|hair_loss,,,,,,,,,window_incomplete
