quarter,obesity_glp1,hair_loss,longevity_rejuvenation,meal_replacement_metabolic,hibernation_hypothermia,cognitive_memory,control_nash,control_amyloid,main_union
2015Q1,20,6,3,2,0,0,7,3,21
2015Q2,21,6,3,2,0,0,8,3,22
2015Q3,22,6,3,2,0,0,8,3,23
2015Q4,22,6,3,2,0,0,8,3,23
2016Q1,23,6,3,2,0,0,9,3,24
2016Q2,23,6,3,2,0,0,10,3,24
2016Q3,23,6,3,2,0,0,12,3,24
2016Q4,23,6,3,2,0,0,13,3,24
2017Q1,23,6,3,2,0,0,13,3,24
2017Q2,23,6,3,2,0,0,15,3,24
2017Q3,23,6,3,2,0,0,15,3,24
2017Q4,24,6,3,2,0,0,15,3,25
2018Q1,24,6,3,2,0,0,15,3,25
2018Q2,24,7,3,2,0,0,15,3,26
2018Q3,24,7,3,2,0,0,15,3,26
2018Q4,25,7,3,2,0,0,16,3,27
2019Q1,25,7,3,2,0,0,17,3,27
2019Q2,26,7,3,2,0,0,17,3,28
2019Q3,26,7,3,2,0,0,18,3,28
2019Q4,26,7,3,2,0,0,22,3,28
2020Q1,26,7,3,2,0,0,22,3,28
2020Q2,26,7,3,2,0,0,22,3,28
2020Q3,27,7,3,2,0,0,24,3,29
2020Q4,27,7,3,2,0,0,25,3,29
2021Q1,28,7,4,2,0,0,26,3,31
2021Q2,29,8,5,2,0,0,26,3,33
2021Q3,29,8,5,2,0,0,26,3,33
2021Q4,29,8,5,2,0,0,27,4,33
2022Q1,29,8,5,2,0,0,27,4,33
2022Q2,29,8,5,2,0,0,28,4,33
2022Q3,29,8,5,2,0,0,28,4,33
2022Q4,29,8,5,2,0,0,28,4,33
2023Q1,31,8,5,2,0,0,28,4,35
2023Q2,31,8,5,2,0,0,29,4,35
2023Q3,31,8,5,2,0,0,30,4,35
2023Q4,31,8,5,2,0,0,30,4,35
2024Q1,33,8,5,2,0,0,30,4,37
2024Q2,33,8,5,2,0,0,30,4,37
2024Q3,37,8,5,2,0,0,30,4,41
2024Q4,39,8,6,2,0,0,31,4,44
2025Q1,42,8,6,2,0,0,31,4,47
2025Q2,43,9,6,3,0,0,31,4,50
2025Q3,44,9,6,3,0,0,32,4,51
2025Q4,48,9,6,3,0,0,32,4,54
2026Q1,51,10,6,3,0,0,32,4,58
2026Q2,51,10,6,3,0,0,33,4,58
2026Q3,52,10,6,3,0,0,33,4,59
