priority,ticker,n_studies,themes
1,NVO,491,control_nash|obesity_glp1
2,LLY,167,control_amyloid|control_nash|hair_loss|obesity_glp1
3,GSK,68,control_nash|hair_loss|obesity_glp1
4,PFE,60,control_nash|hair_loss|meal_replacement_metabolic|obesity_glp1
5,AZN,51,control_nash|obesity_glp1
6,SNY,44,control_nash|obesity_glp1
7,JNJ,40,control_amyloid|hair_loss|longevity_rejuvenation|obesity_glp1
8,MRK,30,control_nash|hair_loss|obesity_glp1
9,AMGN,29,obesity_glp1
10,NVS,20,control_nash|obesity_glp1
11,GILD,18,control_nash|obesity_glp1
12,REGN,14,control_nash|obesity_glp1
13,BMY,12,control_nash|obesity_glp1
14,ABT,11,control_nash|longevity_rejuvenation|obesity_glp1
15,BIIB,11,control_amyloid
16,CORT,8,control_nash
17,ALT,7,control_nash|obesity_glp1
18,MED,7,meal_replacement_metabolic|obesity_glp1
19,BSX,6,longevity_rejuvenation|obesity_glp1
20,ABBV,5,hair_loss|obesity_glp1
21,GALT,4,control_nash
22,MANE,4,hair_loss
23,OGN,4,hair_loss|longevity_rejuvenation
24,RMD,4,obesity_glp1
25,ALNY,3,control_nash|obesity_glp1
26,ARWR,3,control_nash|obesity_glp1
27,TEVA,3,control_nash|hair_loss
28,ZBH,3,longevity_rejuvenation
29,AARD,2,obesity_glp1
30,CANF,2,control_nash
31,IMRN,2,control_nash
32,INCY,2,obesity_glp1
33,LPCN,2,control_nash
34,TAK,2,control_nash|obesity_glp1
35,UNH,2,obesity_glp1
36,VANI,2,obesity_glp1
37,VERU,2,obesity_glp1
38,VKTX,2,control_nash
39,VNDA,2,obesity_glp1
40,WW,2,obesity_glp1
41,AAPL,1,meal_replacement_metabolic
42,ACIU,1,obesity_glp1
43,APMD,1,obesity_glp1
44,BAX,1,obesity_glp1
45,BMRN,1,control_nash
46,BODI,1,obesity_glp1
47,GLMD,1,control_nash
48,GUTS,1,obesity_glp1
49,HUM,1,obesity_glp1
50,IBIO,1,obesity_glp1
51,INGR,1,obesity_glp1
52,IONS,1,obesity_glp1
53,ISRG,1,obesity_glp1
54,MDT,1,obesity_glp1
55,MIRM,1,control_nash
56,MNOV,1,control_nash
57,OMDA,1,obesity_glp1
58,PRE,1,longevity_rejuvenation
59,PTN,1,obesity_glp1
