rank_quarter,rebalance_start,entered,not_trading,h3_source_before_2020,members,h1_end,h1_pass,h1_fail,h1_incomplete,h4_end,h4_pass,h4_fail,h4_incomplete
2016Q1,2016-04-01,32,4,0,28,2016-06-30,28,0,0,2017-03-31,28,0,0
2016Q2,2016-07-01,33,5,0,28,2016-09-30,28,0,0,2017-06-30,28,0,0
2016Q3,2016-10-03,34,5,0,29,2016-12-30,29,0,0,2017-09-29,29,0,0
2016Q4,2017-01-02,36,6,0,30,2017-03-31,30,0,0,2017-12-29,30,0,0
2017Q1,2017-04-03,36,6,0,30,2017-06-30,30,0,0,2018-03-30,30,0,0
2017Q2,2017-07-03,37,5,0,32,2017-09-29,32,0,0,2018-06-29,32,0,0
2017Q3,2017-10-02,38,6,0,32,2017-12-29,32,0,0,2018-09-28,32,0,0
2017Q4,2018-01-01,38,5,0,33,2018-03-30,33,0,0,2018-12-31,33,0,0
2018Q1,2018-04-02,38,5,0,33,2018-06-29,33,0,0,2019-03-29,33,0,0
2018Q2,2018-07-02,40,6,0,34,2018-09-28,34,0,0,2019-06-28,34,0,0
2018Q3,2018-10-01,40,6,0,34,2018-12-31,34,0,0,2019-09-30,34,0,0
2018Q4,2019-01-01,41,5,0,36,2019-03-29,36,0,0,2019-12-31,36,0,0
2019Q1,2019-04-01,42,5,0,37,2019-06-28,37,0,0,2020-03-31,37,0,0
2019Q2,2019-07-01,43,6,0,37,2019-09-30,37,0,0,2020-06-30,37,0,0
2019Q3,2019-10-01,43,5,0,38,2019-12-31,38,0,0,2020-09-30,38,0,0
2019Q4,2020-01-01,46,5,0,41,2020-03-31,41,0,0,2020-12-31,41,0,0
2020Q1,2020-04-01,46,5,0,41,2020-06-30,41,0,0,2021-03-31,41,0,0
2020Q2,2020-07-01,46,5,0,41,2020-09-30,41,0,0,2021-06-30,41,0,0
2020Q3,2020-10-01,48,5,0,43,2020-12-31,43,0,0,2021-09-30,43,0,0
2020Q4,2021-01-01,48,5,0,43,2021-03-31,43,0,0,2021-12-31,43,0,0
2021Q1,2021-04-01,50,5,0,45,2021-06-30,45,0,0,2022-03-31,45,0,0
2021Q2,2021-07-01,51,4,0,47,2021-09-30,47,0,0,2022-06-30,47,0,0
2021Q3,2021-10-01,51,4,0,47,2021-12-31,47,0,0,2022-09-30,47,0,0
2021Q4,2022-01-03,53,4,0,49,2022-03-31,49,0,0,2022-12-30,49,0,0
2022Q1,2022-04-01,53,4,0,49,2022-06-30,49,0,0,2023-03-31,49,0,0
2022Q2,2022-07-01,53,4,0,49,2022-09-30,49,0,0,2023-06-30,49,0,0
2022Q3,2022-10-03,53,4,0,49,2022-12-30,49,0,0,2023-09-29,49,0,0
2022Q4,2023-01-02,53,4,0,49,2023-03-31,49,0,0,2023-12-29,49,0,0
2023Q1,2023-04-03,55,4,0,51,2023-06-30,51,0,0,2024-03-29,51,0,0
2023Q2,2023-07-03,56,5,0,51,2023-09-29,51,0,0,2024-06-28,51,0,0
2023Q3,2023-10-02,56,4,0,52,2023-12-29,52,0,0,2024-09-30,52,0,0
2023Q4,2024-01-01,56,4,0,52,2024-03-29,52,0,0,2024-12-31,52,0,0
2024Q1,2024-04-01,57,3,0,54,2024-06-28,54,0,0,2025-03-31,54,0,0
2024Q2,2024-07-01,58,4,0,54,2024-09-30,54,0,0,2025-06-30,54,0,0
2024Q3,2024-10-01,64,6,0,58,2024-12-31,58,0,0,2025-09-30,58,0,0
2024Q4,2025-01-01,67,6,0,61,2025-03-31,61,0,0,2025-12-31,61,0,0
2025Q1,2025-04-01,69,5,0,64,2025-06-30,64,0,0,2026-03-31,64,0,0
2025Q2,2025-07-01,71,4,0,67,2025-09-30,67,0,0,2026-06-30,67,0,0
2025Q3,2025-10-01,72,4,0,68,2025-12-31,68,0,0,2026-09-30,68,0,0
2025Q4,2026-01-01,74,3,0,71,2026-03-31,71,0,0,2026-12-31,0,0,71
2026Q1,2026-04-01,76,2,0,74,2026-06-30,74,0,0,2027-03-31,0,0,74
2026Q2,2026-07-01,76,2,0,74,2026-09-30,74,0,0,2027-06-30,0,0,74
