ticker,entry_quarter,first_bar,last_bar,price_source,h1_windows,h1_excluded,h4_windows,h4_excluded
AAPL,2025Q2,2014-10-01,2026-09-30,tiingo,5,0,2,0
AARD,2021Q4,2025-02-13,2026-09-30,tiingo,6,0,3,0
ABBV,2025Q2,2014-10-01,2026-09-30,tiingo,5,0,2,0
ABT,2005Q4,2014-10-01,2026-09-30,tiingo,42,0,39,0
ACIU,2026Q1,2016-09-23,2026-09-30,tiingo,2,0,0,0
ACRS,2018Q2,2015-10-07,2026-09-30,tiingo,33,0,30,0
ALGS,2021Q4,2020-10-16,2026-09-30,tiingo,19,0,16,0
ALNY,2020Q3,2014-10-01,2026-09-30,tiingo,24,0,21,0
ALT,2020Q3,2014-10-01,2026-09-30,tiingo,24,0,21,0
AMGN,2018Q4,2014-10-01,2026-09-30,tiingo,31,0,28,0
APMD,2024Q2,2026-07-31,2026-09-30,tiingo,0,0,0,0
ARWR,2019Q4,2014-10-01,2026-09-30,tiingo,27,0,24,0
AZN,2005Q2,2014-10-01,2026-09-30,tiingo,42,0,39,0
BAX,2007Q4,2014-10-01,2026-09-30,tiingo,42,0,39,0
BIIB,2012Q3,2014-10-01,2026-09-30,tiingo,42,0,39,0
BIOA,2024Q3,2024-09-26,2026-09-30,tiingo,8,0,5,0
BMEA,2025Q4,2021-04-16,2026-09-30,tiingo,3,0,0,0
BMRN,2024Q4,2014-10-01,2026-09-30,tiingo,7,0,4,0
BMY,2006Q4,2014-10-01,2026-09-30,tiingo,42,0,39,0
BODI,2016Q4,2024-03-04,2026-09-30,tiingo,10,0,7,0
BSX,2011Q3,2014-10-01,2026-09-30,tiingo,42,0,39,0
CANF,2016Q4,2014-10-01,2026-09-30,tiingo,39,0,36,0
CGTX,2018Q2,2021-10-08,2026-09-30,tiingo,19,0,16,0
CORT,2019Q1,2014-10-01,2026-09-30,tiingo,30,0,27,0
CRBP,2025Q4,2014-11-11,2026-09-30,tiingo,3,0,0,0
ENTA,2017Q2,2014-10-01,2026-09-30,tiingo,37,0,34,0
GALT,2013Q3,2014-10-01,2026-09-30,tiingo,42,0,39,0
GILD,2008Q3,2014-10-01,2026-09-30,tiingo,42,0,39,0
GLMD,2023Q2,,,h3_yfinance,0,0,0,0
GSK,2003Q1,2014-10-01,2026-09-30,tiingo,42,0,39,0
GUTS,2024Q3,2024-02-02,2026-09-30,tiingo,8,0,5,0
HUM,2021Q2,2014-10-01,2026-09-30,tiingo,21,0,18,0
IBIO,2026Q1,2014-10-01,2026-09-30,tiingo,2,0,0,0
IMRN,2011Q4,2017-06-09,2026-09-30,tiingo,37,0,34,0
INCY,2006Q4,2014-10-01,2026-09-30,tiingo,42,0,39,0
INGR,2012Q2,2014-10-01,2026-09-30,tiingo,42,0,39,0
IONS,2015Q2,2014-10-01,2026-09-30,tiingo,42,0,39,0
ISRG,2023Q1,2014-10-01,2026-09-30,tiingo,14,0,11,0
JNJ,2005Q3,2014-10-01,2026-09-30,tiingo,42,0,39,0
LEXX,2024Q4,2016-05-12,2026-09-30,tiingo,7,0,4,0
LLY,2002Q3,2014-10-01,2026-09-30,tiingo,42,0,39,0
LPCN,2019Q4,2014-10-01,2026-09-30,tiingo,27,0,24,0
MANE,2024Q3,2026-02-04,2026-09-30,tiingo,2,0,0,0
MBX,2025Q3,2024-09-13,2026-09-30,tiingo,4,0,1,0
MDGL,2016Q3,2014-10-01,2026-09-30,tiingo,40,0,37,0
MDT,2013Q2,2014-10-01,2026-09-30,tiingo,42,0,39,0
MED,2009Q4,2014-10-01,2026-09-30,tiingo,42,0,39,0
MIRM,2016Q2,2019-07-18,2026-09-30,tiingo,28,0,25,0
MNOV,2016Q1,2014-10-01,2026-09-30,tiingo,42,0,39,0
MRK,2004Q3,2014-10-01,2026-09-30,tiingo,42,0,39,0
NVO,2005Q3,2014-10-01,2026-09-30,tiingo,42,0,39,0
NVS,2004Q1,2014-10-01,2026-09-30,tiingo,42,0,39,0
OGN,2004Q3,2021-05-14,2026-09-30,tiingo,21,0,18,0
OMDA,2016Q1,2025-06-06,2026-09-30,tiingo,5,0,2,0
OPK,2016Q1,2014-10-01,2026-09-30,tiingo,42,0,39,0
PFE,2005Q3,2014-10-01,2026-09-30,tiingo,42,0,39,0
PRE,2024Q4,2022-05-18,2026-09-30,tiingo,7,0,4,0
PTN,2024Q3,2025-11-12,2026-09-30,tiingo,3,0,0,0
RANI,2025Q1,2021-07-30,2026-09-30,tiingo,6,0,3,0
REGN,2021Q1,2014-10-01,2026-09-30,tiingo,22,0,19,0
RMD,2010Q3,2014-10-01,2026-09-30,tiingo,42,0,39,0
RYTM,2013Q2,2017-10-05,2026-09-30,tiingo,35,0,32,0
SGMT,2019Q2,2023-07-14,2026-09-30,tiingo,12,0,9,0
SKYE,2024Q3,2015-04-02,2026-09-30,tiingo,8,0,5,0
SNY,2002Q1,2014-10-01,2026-09-30,tiingo,42,0,39,0
TAK,2008Q4,2014-10-01,2026-09-30,tiingo,42,0,39,0
TEVA,2009Q1,2014-10-01,2026-09-30,tiingo,42,0,39,0
TLSA,2017Q3,2018-11-20,2026-09-30,tiingo,31,0,28,0
UNH,2011Q2,2014-10-01,2026-09-30,tiingo,42,0,39,0
VANI,2023Q1,2014-11-19,2026-09-30,tiingo,14,0,11,0
VERU,2024Q1,2014-10-01,2026-09-30,tiingo,10,0,7,0
VKTX,2019Q4,2015-04-29,2026-09-30,tiingo,27,0,24,0
VNDA,2025Q1,2014-10-01,2026-09-30,tiingo,6,0,3,0
VTVT,2008Q4,2015-07-30,2026-09-30,tiingo,42,0,39,0
WW,2024Q3,2014-10-01,2026-09-30,tiingo,8,0,5,0
ZBH,2021Q1,2014-10-01,2026-09-30,tiingo,22,0,19,0
