accession,cik,ticker,accept_et,direction,direction_source,session,base_date,reaction_date,stage,stage_src,aact_nct,aact_phase,aact_pcd,aact_snapshot_date,price_base,price_reaction,xbi_base,xbi_reaction
0001437749-25-030719,0001053691,CRVO,2025-10-08T16:33:30,negative,WP39 사전 커밋 태그,after_close,2025-10-08,2025-10-09,단계 미확인,미확인,,,,2026-10-04,,,,
0001534120-25-000011,0001534120,AVTX,2025-10-10T07:01:40,mixed,WP39 사전 커밋 태그,pre_open,2025-10-09,2025-10-10,단계 미확인,미확인,,,,2026-10-04,,,,
0002007919-25-000089,0002007919,INBX,2025-10-23T16:05:56,positive,WP39 사전 커밋 태그,after_close,2025-10-23,2025-10-24,2상,AACT,NCT04950075,PHASE2,2025-09-30,2026-10-04,,,,
0001140361-25-039463,0001743881,BBIO,2025-10-27T16:11:32,positive,WP39 사전 커밋 태그,after_close,2025-10-27,2025-10-28,3상,문구,,,,2026-10-04,,,,
0001193125-25-262188,0001690585,DNTH,2025-11-03T13:04:56,mixed,WP39 사전 커밋 태그,intraday,2025-10-31,2025-11-04,2상,AACT,NCT06282159,PHASE2,2025-07-28,2026-10-04,,,,
0001193125-25-273315,0001622229,COGT,2025-11-10T08:01:19,positive,WP39 사전 커밋 태그,pre_open,2025-11-07,2025-11-10,3상,AACT,NCT05208047,PHASE3,2025-09-30,2026-10-04,,,,
0001437749-25-035860,0001855175,CTNM,2025-11-20T16:07:30,negative,WP39 사전 커밋 태그,after_close,2025-11-20,2025-11-21,1상,AACT,NCT06683612,PHASE1,2025-06-04,2026-10-04,,,,
0001193125-25-289768,0001750149,IKT,2025-11-20T16:11:46,positive,WP39 사전 커밋 태그,after_close,2025-11-20,2025-11-21,단계 미확인,미확인,,,,2026-10-04,,,,
0001534120-25-000022,0001534120,AVTX,2025-12-02T06:38:13,mixed,WP39 사전 커밋 태그,pre_open,2025-12-01,2025-12-02,단계 미확인,미확인,,,,2026-10-04,,,,
0001437749-25-037025,0001053691,CRVO,2025-12-05T16:05:42,mixed,WP39 사전 커밋 태그,after_close,2025-12-05,2025-12-08,단계 미확인,미확인,,,,2026-10-04,,,,
0001193125-25-310516,0001818794,DYN,2025-12-08T06:36:58,positive,WP39 사전 커밋 태그,pre_open,2025-12-05,2025-12-08,단계 미확인,미확인,,,,2026-10-04,,,,
0001104659-25-119095,0001888886,GPCR,2025-12-08T08:47:01,positive,WP39 사전 커밋 태그,pre_open,2025-12-05,2025-12-08,2상,AACT,NCT06693843,PHASE2,2025-10-24,2026-10-04,,,,
0001193125-25-311217,0001622229,COGT,2025-12-08T16:05:52,positive,WP39 사전 커밋 태그,after_close,2025-12-08,2025-12-09,3상,AACT,NCT05208047,PHASE3,2025-09-30,2026-10-04,,,,
0001193125-25-318429,0001472012,IMNM,2025-12-15T07:05:25,positive,WP39 사전 커밋 태그,pre_open,2025-12-12,2025-12-15,3상,AACT,NCT04871282,PHASE2/PHASE3,2025-12-03,2026-10-04,,,,
0001193125-25-323692,0001620463,LONA,2025-12-18T07:16:16,mixed,WP39 사전 커밋 태그,pre_open,2025-12-17,2025-12-18,단계 미확인,미확인,,,,2026-10-04,,,,
0001193125-25-323786,0001620463,LONA,2025-12-18T08:24:52,mixed,WP39 사전 커밋 태그,pre_open,2025-12-17,2025-12-18,단계 미확인,미확인,,,,2026-10-04,,,,
0001104659-25-122724,0001326190,ALT,2025-12-19T06:30:43,positive,WP39 사전 커밋 태그,pre_open,2025-12-18,2025-12-19,2상,AACT,NCT05989711,PHASE2,2025-11-25,2026-10-04,,,,
0001193125-25-332520,0001719714,MREO,2025-12-29T08:54:12,mixed,WP39 사전 커밋 태그,pre_open,2025-12-26,2025-12-29,단계 미확인,미확인,,,,2026-10-04,,,,
0001140361-26-000253,0001124105,GYRE,2026-01-05T07:06:09,positive,WP39 사전 커밋 태그,pre_open,2026-01-02,2026-01-05,단계 미확인,미확인,,,,2026-10-04,,,,
0001933414-26-000002,0001933414,MLYS,2026-01-06T08:05:47,positive,WP39 사전 커밋 태그,pre_open,2026-01-05,2026-01-06,단계 미확인,미확인,,,,2026-10-04,,,,
0001193125-26-006991,0001658551,AMLX,2026-01-08T07:03:58,positive,WP39 사전 커밋 태그,pre_open,2026-01-07,2026-01-08,3상,AACT,NCT06122662,PHASE2/PHASE3,2025-09-30,2026-10-04,,,,
0001213900-26-002344,0001821586,MLTX,2026-01-08T08:00:54,positive,WP39 사전 커밋 태그,pre_open,2026-01-07,2026-01-08,단계 미확인,미확인,,,,2026-10-04,,,,
0001193125-26-009829,0001719714,MREO,2026-01-12T08:09:57,mixed,WP39 사전 커밋 태그,pre_open,2026-01-09,2026-01-12,3상,문구,,,,2026-10-04,,,,
0001193125-26-014678,0001098972,AGEN,2026-01-16T08:25:26,negative,WP39 사전 커밋 태그,pre_open,2026-01-15,2026-01-16,2상,AACT,NCT05630183,PHASE2,2026-01-05,2026-10-04,,,,
0001140361-26-004995,0001743881,BBIO,2026-02-12T16:05:57,positive,WP39 사전 커밋 태그,after_close,2026-02-12,2026-02-13,3상,문구,,,,2026-10-04,,,,
0001193125-26-056135,0001829802,FTH,2026-02-18T08:45:53,positive,WP39 사전 커밋 태그,pre_open,2026-02-17,2026-02-18,3상,문구,,,,2026-10-04,,,,
0001193125-26-084266,0001936258,NAMS,2026-03-02T08:00:35,positive,WP39 사전 커밋 태그,pre_open,2026-02-27,2026-03-02,단계 미확인,미확인,,,,2026-10-04,,,,
0001140361-26-007249,0001124105,GYRE,2026-03-02T09:24:10,mixed,WP39 사전 커밋 태그,pre_open,2026-02-27,2026-03-02,3상,문구,,,,2026-10-04,,,,
0001104659-26-028023,0001888886,GPCR,2026-03-16T08:01:08,positive,WP39 사전 커밋 태그,pre_open,2026-03-13,2026-03-16,2상,AACT,NCT06703021,PHASE2,2026-01-12,2026-10-04,,,,
0001628280-26-018397,0001357874,DTIL,2026-03-17T08:31:07,positive,WP39 사전 커밋 태그,pre_open,2026-03-16,2026-03-17,단계 미확인,미확인,,,,2026-10-04,,,,
0001437749-26-009081,0001053691,CRVO,2026-03-19T16:40:53,mixed,WP39 사전 커밋 태그,after_close,2026-03-19,2026-03-20,단계 미확인,미확인,,,,2026-10-04,,,,
0001193125-26-120691,0001658551,AMLX,2026-03-24T07:11:11,positive,WP39 사전 커밋 태그,pre_open,2026-03-23,2026-03-24,3상,AACT,NCT06122662,PHASE2/PHASE3,2025-09-30,2026-10-04,,,,
0001690585-26-000010,0001690585,DNTH,2026-03-26T08:00:19,mixed,WP39 사전 커밋 태그,pre_open,2026-03-25,2026-03-26,단계 미확인,미확인,,,,2026-10-04,,,,
0001193125-26-127041,0001468748,KOD,2026-03-26T21:56:48,positive,WP39 사전 커밋 태그,after_close,2026-03-26,2026-03-27,3상,AACT,NCT06270836,PHASE3,2026-02-13,2026-10-04,,,,
0001140361-26-011991,0001743881,BBIO,2026-03-30T17:30:36,positive,WP39 사전 커밋 태그,after_close,2026-03-30,2026-03-31,단계 미확인,미확인,,,,2026-10-04,,,,
0001104659-26-038593,0001999480,ANRO,2026-04-01T16:55:20,negative,WP39 사전 커밋 태그,after_close,2026-04-01,2026-04-02,2상,AACT,NCT06502964,PHASE2,2026-02-28,2026-10-04,,,,
0001193125-26-154927,0001799448,ALGS,2026-04-14T16:17:32,positive,WP39 사전 커밋 태그,after_close,2026-04-14,2026-04-15,단계 미확인,미확인,,,,2026-10-04,,,,
0001104659-26-044028,0001735438,MGTX,2026-04-16T07:16:21,mixed,WP39 사전 커밋 태그,pre_open,2026-04-15,2026-04-16,단계 미확인,미확인,,,,2026-10-04,,,,
0002007919-26-000010,0002007919,INBX,2026-04-21T16:04:25,positive,WP39 사전 커밋 태그,after_close,2026-04-21,2026-04-22,2상,AACT,NCT04950075,PHASE2,2025-09-30,2026-10-04,,,,
0001171843-26-002720,0001738021,CMPX,2026-04-27T07:30:23,mixed,WP39 사전 커밋 태그,pre_open,2026-04-24,2026-04-27,단계 미확인,미확인,,,,2026-10-04,,,,
0001140361-26-018716,0001124105,GYRE,2026-05-04T09:12:45,positive,WP39 사전 커밋 태그,pre_open,2026-05-01,2026-05-04,단계 미확인,미확인,,,,2026-10-04,,,,
0001534120-26-000028,0001534120,AVTX,2026-05-05T16:01:30,mixed,WP39 사전 커밋 태그,after_close,2026-05-05,2026-05-06,2상,AACT,NCT06603077,PHASE2,2026-02-23,2026-10-04,,,,
0001140361-26-020845,0001124105,GYRE,2026-05-12T17:03:02,positive,WP39 사전 커밋 태그,after_close,2026-05-12,2026-05-13,단계 미확인,미확인,,,,2026-10-04,,,,
0001437749-26-017821,0001645469,MNPR,2026-05-19T17:26:35,positive,WP39 사전 커밋 태그,after_close,2026-05-19,2026-05-20,단계 미확인,미확인,,,,2026-10-04,,,,
0001104659-26-066572,0001974640,APGE,2026-05-27T06:37:49,positive,WP39 사전 커밋 태그,pre_open,2026-05-26,2026-05-27,2상,문구,,,,2026-10-04,,,,
0001193805-26-000703,0001280776,IMUX,2026-05-28T07:01:07,positive,WP39 사전 커밋 태그,pre_open,2026-05-27,2026-05-28,단계 미확인,미확인,,,,2026-10-04,,,,
0001140361-26-023625,0001124105,GYRE,2026-06-02T06:09:32,mixed,WP39 사전 커밋 태그,pre_open,2026-06-01,2026-06-02,3상,문구,,,,2026-10-04,,,,
0001759138-26-000030,0001759138,CABA,2026-06-03T07:02:06,mixed,WP39 사전 커밋 태그,pre_open,2026-06-02,2026-06-03,단계 미확인,미확인,,,,2026-10-04,,,,
0000950103-26-008465,0001771910,ADCT,2026-06-03T16:17:06,positive,WP39 사전 커밋 태그,after_close,2026-06-03,2026-06-04,3상,AACT,NCT04384484,PHASE3,2026-03-31,2026-10-04,,,,
0001628280-26-042365,0001662579,CCCC,2026-06-11T07:04:42,negative,WP39 사전 커밋 태그,pre_open,2026-06-10,2026-06-11,1상,AACT,NCT05668585,PHASE1,2025-11-05,2026-10-04,,,,
0001690585-26-000029,0001690585,DNTH,2026-06-12T07:00:32,mixed,WP39 사전 커밋 태그,pre_open,2026-06-11,2026-06-12,단계 미확인,미확인,,,,2026-10-04,,,,
0001193125-26-268477,0001776111,MBX,2026-06-12T07:05:58,negative,WP39 사전 커밋 태그,pre_open,2026-06-11,2026-06-12,단계 미확인,미확인,,,,2026-10-04,,,,
0002007919-26-000033,0002007919,INBX,2026-06-15T16:06:58,positive,WP39 사전 커밋 태그,after_close,2026-06-15,2026-06-16,단계 미확인,미확인,,,,2026-10-04,,,,
0001534120-26-000042,0001534120,AVTX,2026-06-16T07:18:22,mixed,WP39 사전 커밋 태그,pre_open,2026-06-15,2026-06-16,2상,AACT,NCT06603077,PHASE2,2026-02-23,2026-10-04,,,,
0001213900-26-070362,0001821586,MLTX,2026-06-22T07:00:32,mixed,WP39 사전 커밋 태그,pre_open,2026-06-18,2026-06-22,단계 미확인,미확인,,,,2026-10-04,,,,
0001437749-26-021832,0001645469,MNPR,2026-06-26T16:06:18,positive,WP39 사전 커밋 태그,after_close,2026-06-26,2026-06-29,단계 미확인,미확인,,,,2026-10-04,,,,
0001437749-26-022086,0001645469,MNPR,2026-06-30T08:00:16,positive,WP39 사전 커밋 태그,pre_open,2026-06-29,2026-06-30,단계 미확인,미확인,,,,2026-10-04,,,,
0001193125-26-298005,0001609809,MCRB,2026-07-08T08:00:09,positive,WP39 사전 커밋 태그,pre_open,2026-07-07,2026-07-08,단계 미확인,미확인,,,,2026-10-04,,,,
0001193125-26-299177,0001419041,FBRX,2026-07-09T08:05:21,positive,WP39 사전 커밋 태그,pre_open,2026-07-08,2026-07-09,단계 미확인,미확인,,,,2026-10-04,,,,
0001104659-26-082902,0001710072,EWTX,2026-07-13T08:37:12,positive,WP39 사전 커밋 태그,pre_open,2026-07-10,2026-07-13,1상,AACT,NCT07456059,PHASE1,2026-06-01,2026-10-04,,,,
0001140361-26-028716,0001124105,GYRE,2026-07-16T16:35:25,positive,WP39 사전 커밋 태그,after_close,2026-07-16,2026-07-17,단계 미확인,미확인,,,,2026-10-04,,,,
0001437749-26-024041,0001645469,MNPR,2026-07-22T08:00:09,positive,WP39 사전 커밋 태그,pre_open,2026-07-21,2026-07-22,단계 미확인,미확인,,,,2026-10-04,,,,
0001326190-26-000044,0001326190,ALT,2026-07-28T07:04:40,positive,WP39 사전 커밋 태그,pre_open,2026-07-27,2026-07-28,2상,AACT,NCT06987513,PHASE2,2026-07-30,2026-10-04,,,,
0001703057-26-000053,0001703057,ABCL,2026-08-10T07:49:17,positive,WP39 사전 커밋 태그,pre_open,2026-08-07,2026-08-10,2상,문구,,,,2026-10-04,,,,
0001193125-26-353278,0001680581,FULC,2026-08-17T08:30:07,positive,WP39 사전 커밋 태그,pre_open,2026-08-14,2026-08-17,1상,AACT,NCT07431398,PHASE1,2026-06-01,2026-10-04,,,,
0001193125-26-354716,0001658551,AMLX,2026-08-18T07:09:58,positive,WP39 사전 커밋 태그,pre_open,2026-08-17,2026-08-18,3상,AACT,NCT06747468,PHASE3,2026-07-08,2026-10-04,,,,
0001193125-26-354793,0001658551,AMLX,2026-08-18T09:03:53,positive,WP39 사전 커밋 태그,pre_open,2026-08-17,2026-08-18,3상,AACT,NCT06747468,PHASE3,2026-07-08,2026-10-04,,,,
0001140361-26-034401,0001124105,GYRE,2026-08-26T09:00:44,positive,WP39 사전 커밋 태그,pre_open,2026-08-25,2026-08-26,3상,문구,,,,2026-10-04,,,,
