term,category,n_cards,example_ticker,proposed_ko,reviewer_decision
Colorectal Cancer,암,4,BCAX,대장암,채택
Head and Neck Squamous Cell Carcinoma,암,4,BCAX,두경부 편평세포암,채택
Atopic Dermatitis,피부,3,APGE,아토피 피부염,채택
Duchenne Muscular Dystrophy,희귀 유전,3,EWTX,뒤셴 근이영양증,채택
Acute Leukemia,암,2,KURA,급성 백혈병,채택
Acute Myeloid Leukemia,암,2,KURA,급성 골수성 백혈병,채택
ALS,신경·정신,2,AMLX,근위축성 측삭경화증(루게릭병),루게릭병(ALS)
AML,암,2,KURA,급성 골수성 백혈병(AML),채택
AML With Mutated NPM1,암,2,KURA,NPM1 변이 급성 골수성 백혈병,채택
B-Cell Non-Hodgkin Lymphoma,암,2,ADCT,B세포 비호지킨 림프종,채택
"Carcinoma, Squamous Cell",암,2,BCAX,편평세포암,채택
Chronic Idiopathic Constipation (CIC),소화기,2,ARDX,만성 특발성 변비,만성 변비(원인 불명)
Cutaneous Squamous Cell Carcinoma,암,2,BCAX,피부 편평세포암,채택
EGFR Amplification,암,2,BCAX,EGFR 유전자 증폭,채택
Endometrial Cancer,암,2,AVBP,자궁내막암,채택
Epithelial Ovarian Cancer,암,2,BCAX,상피성 난소암,채택
Erythropoietic Protoporphyria (EPP),희귀 유전,2,IRON,적혈구생성 프로토포르피린증,적혈구조혈 프로토포르피린증(EPP)
Esophageal Squamous Cell Cancer,암,2,EXEL,식도 편평세포암,채택
Hailey Hailey Disease,희귀 유전,2,KRYS,헤일리-헤일리병(가족성 양성 천포창),채택
Head and Neck Squamous Cell Cancer,암,2,EXEL,두경부 편평세포암,채택
Hematologic Malignancy,암,2,KURA,혈액암,채택
HEPATITIS B CHRONIC,감염,2,DTIL,만성 B형 간염,채택
HER2 Amplification,암,2,ELVN,HER2 유전자 증폭,채택
HER2 Positive Solid Tumors,암,2,ELVN,HER2 양성 고형암,채택
HER2-positive Breast Cancer,암,2,ELVN,HER2 양성 유방암,채택
HER2-positive Gastric Cancer,암,2,ELVN,HER2 양성 위암,채택
Hodgkin Lymphoma,암,2,CMPX,호지킨 림프종,채택
Hormone-receptor-positive Breast Cancer,암,2,EXEL,호르몬 수용체 양성 유방암,채택
KMT2Ar,암,2,KURA,KMT2A 유전자 재배열,채택
Lesion Skin,희귀 유전,2,KRYS,피부 병변,"제외 · 일반어 · 분류 사전에서 ""무시""로 변경"
"Leukemia, Myeloid",암,2,KURA,골수성 백혈병,채택
Locally Advanced or Metastatic Solid Tumors,암,2,EXEL,국소 진행성 또는 전이성 고형암,채택
Lymphoblastic Leukemia,암,2,BEAM,림프모구성 백혈병,림프모구 백혈병
Lymphoblastic Lymphoma,암,2,BEAM,림프모구성 림프종,림프모구 림프종
"Lymphoma, Non-Hodgkin's",암,2,CCCC,비호지킨 림프종,채택
Macular Edema Secondary to Inflammation,안과,2,KOD,염증성 황반부종,채택
Major Depressive Disorder,신경·정신,2,ANRO,주요우울장애,주요 우울장애
Malignant Melanoma,암,2,CMPX,악성 흑색종,채택
MLL Rearrangement,암,2,KURA,MLL 유전자 재배열,채택
Myelofibrosis,암,2,GERN,골수섬유증,채택
Neoplasms by Histologic Type,암,2,KURA,조직형별 종양,"제외 · 일반어(v1 제외 목록) · 분류 사전에서 ""무시""로 변경"
Netherton Syndrome,희귀 유전,2,BCRX,네더턴 증후군,채택
Non Small Cell Lung Cancer,암,2,CMPX,비소세포폐암,채택
NPM1 Mutation,암,2,KURA,NPM1 유전자 변이,채택
NSCLC (Non-small Cell Lung Cancer),암,2,EXEL,비소세포폐암,채택
Obesity and Cardiovascular Risk,비만·대사,2,BIOA,비만 및 심혈관 위험,비만(심혈관 위험 동반)
Pancreas Cancer,암,2,BCAX,췌장암,채택
Prevention of Rejection in Kidney Transplant,신장,2,ELDN,신장이식 거부반응 예방,채택
Refractory B-Cell Non-Hodgkin Lymphoma,암,2,ADCT,불응성 B세포 비호지킨 림프종,채택
Relapsed B-Cell Non-Hodgkin Lymphoma,암,2,ADCT,재발성 B세포 비호지킨 림프종,채택
Select Advanced Solid Tumors,암,2,IMCR,일부 진행성 고형암,채택
Sickle Cell Disease,희귀 유전,2,FULC,겸상적혈구병,채택
Squamous Cell Carcinoma of Anal Canal,암,2,BCAX,항문관 편평세포암,채택
Squamous Cell Carcinoma of the Lung,암,2,BCAX,폐 편평세포암,채택
T-Cell Lymphoblastic Leukemia/Lymphoma,암,2,BEAM,T세포 림프모구성 백혈병/림프종,채택
Triple Negative Breast Cancer,암,2,CMPX,삼중음성 유방암,채택
Triple Negative Breast Cancer (TNBC),암,2,EXEL,삼중음성 유방암,채택
Vasomotor Symptoms Associated With Menopause,기타,2,ABCL,폐경 관련 혈관운동 증상(안면홍조),채택
X-Linked Protoporphyria (XLP),희귀 유전,2,IRON,X연관 프로토포르피린증,X 연관 프로토포르피린증(XLP)
Advanced or Metastatic Solid Tumors,암,1,HOWL,진행성 또는 전이성 고형암,채택
Alcohol-associated Liver Disease,소화기,1,ALT,알코올 관련 간질환,채택
Anti-Synthetase Syndrome,면역·염증,1,CABA,항합성효소 증후군,채택
Antineutrophilic Cytoplasmic Antibody (ANCA)- Associated Vasculitis (AAV),면역·염증,1,FATE,항호중구세포질항체(ANCA) 연관 혈관염,ANCA 연관 혈관염
Atopic Dermatitis Eczema,피부,1,CRVS,아토피 피부염(습진),채택
Brain Cancer,암,1,BDTX,뇌암,채택
Breast Cancer,암,1,ARTV,유방암,채택
Central Nervous System Diseases,암,1,BDTX,중추신경계 질환,"채택 · 단, 이 용어의 분류는 신경·정신(사전 v1) · category 열의 ""암""은 카드 분류로 보임"
Chronic Hepatitis B Infection,감염,1,ALGS,만성 B형 간염,채택
Chronic Hepatitis D Infection,감염,1,ASMB,만성 D형 간염,채택
Colo-rectal Cancer,암,1,ALXO,대장암,채택
Colorectal Adenocarcinoma,암,1,INBX,대장 선암,채택
CRC (Colorectal Cancer),암,1,ALXO,대장암,채택
Dermatomyositis,면역·염증,1,CABA,피부근염,채택
DM1,희귀 유전,1,DYN,1형 근긴장성 이영양증(DM1),근긴장성 이영양증 1형(DM1)
"Eczema, Atopic",피부,1,CRVS,아토피 습진,아토피 피부염
ESCC,암,1,ALXO,식도 편평세포암(ESCC),채택
Esophageal Squamous Cell Carcinoma (ESCC),암,1,ALXO,식도 편평세포암,채택
Ewing Sarcoma,암,1,INBX,유잉 육종,채택
FGFR2 Gene Amplification,암,1,COGT,FGFR2 유전자 증폭,채택
FGFR2 Gene Fusion/Rearrangement,암,1,COGT,FGFR2 유전자 융합/재배열,채택
FGFR2 Gene Short Variants,암,1,COGT,FGFR2 유전자 단순 변이,FGFR2 유전자 소규모 변이
FGFR2 Genetic Alterations,암,1,COGT,FGFR2 유전자 이상,채택
FGFR3 Gene Amplification,암,1,COGT,FGFR3 유전자 증폭,채택
FGFR3 Gene Fusion/Rearrangement,암,1,COGT,FGFR3 유전자 융합/재배열,채택
FGFR3 Gene Short Variants,암,1,COGT,FGFR3 유전자 단순 변이,FGFR3 유전자 소규모 변이
FGFR3 Genetic Alterations,암,1,COGT,FGFR3 유전자 이상,채택
Gastric Cancer,암,1,ARTV,위암,채택
Gastroesophageal Junction Adenocarcinoma,암,1,ARTV,위식도 접합부 선암,채택
GBM,암,1,BDTX,교모세포종(GBM),채택
Glioblastoma (GBM),암,1,BDTX,교모세포종,채택
Glioblastoma Multiforme (GBM),암,1,BDTX,다형성 교모세포종,교모세포종(GBM)
Head and Neck Cancer,암,1,ALXO,두경부암,채택
Hematologic Malignancies,암,1,IMNM,혈액암,채택
HEPATITIS C VIRUS CHRONIC INFECTION,감염,1,AVIR,만성 C형 간염,채택
HNSCC,암,1,ALXO,두경부 편평세포암(HNSCC),채택
Idiopathic Inflammatory Myopathy,면역·염증,1,CABA,특발성 염증성 근병증,채택
Idiopathic Inflammatory Myositis (IIM),면역·염증,1,FATE,특발성 염증성 근염,특발성 염증성 근병증(IIM)
Idiopathic Pulmonary Fibrosis,호흡기,1,CTNM,특발성 폐섬유증,채택
Immune-Mediated Necrotizing Myopathy,면역·염증,1,CABA,면역매개 괴사성 근병증,채택
Intrahepatic Cholangiocarcinoma (Icc),암,1,COGT,간내 담관암,채택
Juvenile Dermatomyositis,면역·염증,1,CABA,소아 피부근염,채택
Juvenile Idiopathic Inflammatory Myopathy (JIIM),면역·염증,1,CABA,소아 특발성 염증성 근병증,채택
Juvenile Myositis,면역·염증,1,CABA,소아 근염,채택
Juvenile Polymyositis,면역·염증,1,CABA,소아 다발근염,채택
Major Depressive Disorder (MDD),신경·정신,1,ACAD,주요우울장애,주요 우울장애(MDD)
Metastatic Breast Cancer,암,1,LONA,전이성 유방암,채택
Metastatic Colorectal Cancer,암,1,AGEN,전이성 대장암,채택
Metastatic Endometrial Cancer,암,1,AVBP,전이성 자궁내막암,채택
Metastatic Melanoma,암,1,IOVA,전이성 흑색종,채택
Metastatic Ovarian Cancer,암,1,AVBP,전이성 난소암,채택
Multiple Sclerosis,신경·정신,1,IMUX,다발경화증,다발성 경화증
"Myasthenia Gravis, Generalized",신경·정신,1,AUPH,전신 중증근무력증,채택
Myotonic Dystrophy,희귀 유전,1,DYN,근긴장성 이영양증,채택
Myotonic Dystrophy Type 1 (DM1),희귀 유전,1,DYN,1형 근긴장성 이영양증,근긴장성 이영양증 1형(DM1)
Neovascular (Wet) Age-Related Macular Degeneration,안과,1,FDMT,신생혈관성(습성) 노인성 황반변성,습성 노인성 황반변성
Newly Diagnosed Glioblastoma,암,1,BDTX,새로 진단된 교모세포종,채택
Non-Hodgkin Lymphoma,암,1,HOWL,비호지킨 림프종,채택
NSCLC (Advanced Non-small Cell Lung Cancer),암,1,ALXO,진행성 비소세포폐암,채택
"Other Solid Tumors, Adult",암,1,COGT,기타 성인 고형암,채택
Ovarian Cancer,암,1,AVBP,난소암,채택
Platinum-resistant Ovarian Cancer (PROC),암,1,AVBP,백금 저항성 난소암,채택
Pulmonary Arterial Hypertension (PAH),심혈관,1,IKT,폐동맥 고혈압,채택
Pulmonary Arterial Hypertension (PAH) (WHO Group 1 PH),심혈관,1,IKT,폐동맥 고혈압(WHO 1군 폐고혈압),폐동맥 고혈압(WHO 1군)
Recurrent Pericarditis,심혈관,1,KNSA,재발성 심낭염,채택
Relapsed/Refractory Multiple Myeloma,암,1,CRBU,재발성/불응성 다발골수종,채택
Solid Malignancies,암,1,IMNM,고형암,채택
Solid Tumor,암,1,CRBP,고형암,채택
Stage III Non-small Cell Lung Cancer,암,1,IOVA,3기 비소세포폐암,채택
Stage IV Non-small Cell Lung Cancer,암,1,IOVA,4기 비소세포폐암,채택
Steinert,희귀 유전,1,DYN,슈타이너트병(1형 근긴장성 이영양증),근긴장성 이영양증 1형(슈타이너트병)
Steinert Disease,희귀 유전,1,DYN,슈타이너트병(1형 근긴장성 이영양증),근긴장성 이영양증 1형(슈타이너트병)
Systemic Lupus Erythematosus,면역·염증,1,CLYM,전신홍반루푸스,채택
Systemic Lupus Erythematosus (SLE),면역·염증,1,FATE,전신홍반루푸스,채택
Systemic Sclerosis (SSc),면역·염증,1,FATE,전신경화증,채택
Transfusion-dependent Beta-Thalassemia,희귀 유전,1,EDIT,수혈 의존성 베타 지중해빈혈,채택
Unresectable Melanoma,암,1,IOVA,절제 불가능 흑색종,채택
