en,ko,kind,suspect,why,reviewer_decision
RANDOMIZED,무작위 배정,allocation,,,유지
NON_RANDOMIZED,비무작위 배정,allocation,,,유지
NONE,눈가림 없음 (공개),masking,의심,masking NONE = 공개 시험 · 표기 확인,공개 시험(눈가림 없음)
SINGLE,단일 눈가림,masking,,,유지
DOUBLE,이중 눈가림,masking,,,유지
TRIPLE,삼중 눈가림,masking,,,유지
QUADRUPLE,사중 눈가림,masking,,,유지
DRUG,약물,intervention_type,,,유지
BIOLOGICAL,생물의약품,intervention_type,,,유지
DEVICE,의료기기,intervention_type,,,유지
GENETIC,유전자 치료,intervention_type,의심,AACT GENETIC 은 유전자 치료와 유전 검사를 함께 포함 · '유전자 치료' 가 너무 좁을 수 있음,유전자·세포 치료
DIETARY_SUPPLEMENT,건강기능식품,intervention_type,의심,'건강기능식품' 은 국내 법적 용어 · '식이 보충제' 가 더 중립적일 수 있음,식이 보충제
DIAGNOSTIC_TEST,진단 검사,intervention_type,,,유지
PROCEDURE,시술,intervention_type,,,유지
RADIATION,방사선,intervention_type,,,유지
BEHAVIORAL,행동 요법,intervention_type,,,유지
OTHER,기타,intervention_type,,,유지
Placebo,위약,intervention,,,유지
"Carcinoma, Non-Small-Cell Lung",비소세포폐암,condition,,,유지
COVID-19,코로나19,condition,,,유지
Melanoma,흑색종,condition,,,유지
"Lymphoma, Non-Hodgkin",비호지킨림프종,condition,,,유지
Neoplasms,종양,condition,,,유지
Lymphoma,림프종,condition,,,유지
"Carcinoma, Renal Cell",신세포암,condition,,,유지
"Dermatitis, Atopic",아토피피부염,condition,,,유지
Lupus Nephritis,루푸스신염,condition,,,유지
Squamous Cell Carcinoma of Head and Neck,두경부 편평세포암,condition,,,유지
Lung Neoplasms,폐암,condition,,,유지
"Lymphoma, Large B-Cell, Diffuse",미만성 거대B세포림프종,condition,,,유지
Multiple Myeloma,다발골수종,condition,,,유지
Vision Disorders,시각장애,condition,,,유지
Retinal Diseases,망막질환,condition,,,유지
Retinal Degeneration,망막변성,condition,,,유지
Amyotrophic Lateral Sclerosis,근위축측삭경화증 (루게릭병),condition,,,유지
"Leukemia, Myeloid, Acute",급성골수성백혈병,condition,,,유지
Stomach Neoplasms,위암,condition,,,유지
Colorectal Neoplasms,대장암,condition,,,유지
Obesity,비만,condition,,,유지
Eye Diseases,눈질환,condition,,,유지
"Muscular Dystrophy, Duchenne",뒤센근디스트로피,condition,,,유지
Friedreich Ataxia,프리드라이히실조증,condition,,,유지
Hematologic Neoplasms,혈액암,condition,,,유지
Uterine Cervical Neoplasms,자궁경부암,condition,,,유지
Sarcoma,육종,condition,,,유지
Kidney Neoplasms,신장암,condition,,,유지
Breast Neoplasms,유방암,condition,,,유지
Epidermolysis Bullosa Dystrophica,이영양물집표피박리증,condition,의심,'이영양물집표피박리증' 표기 확인,이영양성 수포성 표피박리증
"Lymphoma, B-Cell",B세포림프종,condition,,,유지
Anemia,빈혈,condition,,,유지
Precursor Cell Lymphoblastic Leukemia-Lymphoma,전구세포 림프모구백혈병-림프종,condition,의심,긴 번역 · 표기 확인,급성 림프모구 백혈병(ALL)
Endometrial Neoplasms,자궁내막암,condition,,,유지
Coronavirus Infections,코로나바이러스감염,condition,,,유지
Head and Neck Neoplasms,두경부암,condition,,,유지
Schizophrenia,조현병,condition,,,유지
Pancreatic Neoplasms,췌장암,condition,,,유지
Ovarian Neoplasms,난소암,condition,,,유지
Hallucinations,환각,condition,,,유지
Diabetic Retinopathy,당뇨망막병증,condition,,,유지
"Anemia, Sickle Cell",겸상적혈구빈혈,condition,,,유지
"Vision, Low",저시력,condition,,,유지
Macular Edema,황반부종,condition,,,유지
Non-alcoholic Fatty Liver Disease,비알코올지방간질환,condition,,,유지
Overweight,과체중,condition,,,유지
Leukemia,백혈병,condition,,,유지
"Hepatitis C, Chronic",만성 C형간염,condition,,,유지
Hepatitis C,C형간염,condition,,,유지
Psychotic Disorders,정신병적장애,condition,,,유지
"Protoporphyria, Erythropoietic",적혈구조혈프로토포르피린증,condition,의심,'적혈구조혈프로토포르피린증' 표기 확인,적혈구조혈 프로토포르피린증(EPP)
Porphyrias,포르피린증,condition,,,유지
Urinary Bladder Neoplasms,방광암,condition,,,유지
Delusions,망상,condition,,,유지
"Influenza, Human",인플루엔자,condition,,,유지
"Leukemia, Lymphocytic, Chronic, B-Cell",만성림프구백혈병,condition,,,유지
"Lymphoma, Follicular",여포림프종,condition,,,유지
Gastrointestinal Stromal Tumors,위장관기질종양,condition,,,유지
Hidradenitis Suppurativa,화농한선염,condition,,,화농성 한선염
Skin Diseases,피부질환,condition,,,유지
Immune System Diseases,면역계질환,condition,,,유지
Skin Neoplasms,피부암,condition,,,유지
"Lymphoma, T-Cell, Peripheral",말초T세포림프종,condition,,,유지
Rett Syndrome,레트증후군,condition,,,유지
Hematologic Diseases,혈액질환,condition,,,유지
Hemoglobinopathies,혈색소병증,condition,의심,'혈색소병증' 표기 확인,유지
Pneumonia,폐렴,condition,,,유지
Triple Negative Breast Neoplasms,삼중음성유방암,condition,,,유지
Guillain-Barre Syndrome,길랭-바레증후군,condition,,,유지
Prostatic Neoplasms,전립선암,condition,,,유지
Psoriasis,건선,condition,,,유지
"Depressive Disorder, Major",주요우울장애,condition,,,유지
"Hepatitis B, Chronic",만성 B형간염,condition,,,유지
Pancreatitis,췌장염,condition,,,유지
"Lymphoma, Mantle-Cell",외투세포림프종,condition,,,유지
"Lupus Erythematosus, Systemic",전신홍반루푸스,condition,,,유지
"Mastocytosis, Systemic",전신비만세포증,condition,,,유지
Renal Insufficiency,신부전,condition,,,유지
Eczema,습진,condition,,,유지
Neurodegenerative Diseases,신경퇴행질환,condition,,,신경퇴행성 질환
Oropharyngeal Neoplasms,구인두암,condition,,,유지
Parkinson Disease,파킨슨병,condition,,,유지
Pericarditis,심낭염,condition,,,유지
Bronchial Neoplasms,기관지암,condition,,,유지
Carcinoma,암종,condition,의심,'암종' 이 일반 독자에게 어려울 수 있음,암
Dengue,뎅기열,condition,,,유지
alpha 1-Antitrypsin Deficiency,알파1-항트립신결핍증,condition,,,유지
Hypoparathyroidism,부갑상선기능저하증,condition,,,유지
Motor Neuron Disease,운동신경세포병,condition,의심,'운동신경세포병' 표기 확인,운동신경원 질환
Neuromuscular Diseases,신경근육질환,condition,,,유지
Nervous System Diseases,신경계질환,condition,,,유지
Geographic Atrophy,지도모양위축,condition,의심,'지도모양위축' 표기 확인 (지도형 위축 등),지도형 위축(황반변성 후기)
Myelodysplastic Syndromes,골수형성이상증후군,condition,,,유지
Muscular Dystrophies,근디스트로피,condition,,,유지
Esophageal Neoplasms,식도암,condition,,,유지
Colonic Neoplasms,결장암,condition,,,유지
Retinal Vein Occlusion,망막정맥폐쇄,condition,,,유지
Leber Congenital Amaurosis,레베르선천흑암시,condition,의심,'레베르선천흑암시' 표기 확인,레버 선천 흑암시
Congenital Abnormalities,선천기형,condition,,,유지
Infections,감염,condition,,,유지
Hypoglycemia,저혈당,condition,,,유지
Cystic Fibrosis,낭성섬유증,condition,,,유지
Diabetes Mellitus,당뇨병,condition,,,유지
Hodgkin Disease,호지킨림프종,condition,,,유지
Psychomotor Agitation,정신운동초조,condition,의심,'정신운동초조' 표기 확인,초조(정신운동성)
Waldenstrom Macroglobulinemia,발덴스트룀마크로글로불린혈증,condition,의심,'발덴스트룀마크로글로불린혈증' 표기 확인,발덴스트롬 마크로글로불린혈증
Dermatitis,피부염,condition,,,유지
Corneal Injuries,각막손상,condition,,,유지
"Supranuclear Palsy, Progressive",진행핵상마비,condition,,,진행성 핵상마비
Asthma,천식,condition,,,유지
Lung Diseases,폐질환,condition,,,유지
Alzheimer Disease,알츠하이머병,condition,,,유지
Mastocytosis,비만세포증,condition,,,유지
Hypersensitivity,과민증,condition,,,유지
Osteoporosis,골다공증,condition,,,유지
Primary Myelofibrosis,일차골수섬유증,condition,,,원발성 골수섬유증
"Sarcoma, Ewing",유잉육종,condition,,,유지
Herpes Genitalis,생식기포진,condition,,,유지
Macular Degeneration,황반변성,condition,,,유지
"Glaucoma, Open-Angle",개방각녹내장,condition,,,유지
Dry Eye Syndromes,안구건조증,condition,,,유지
Brain Neoplasms,뇌종양,condition,,,유지
Rectal Neoplasms,직장암,condition,,,유지
Huntington Disease,헌팅턴병,condition,,,유지
"Carcinoma, Hepatocellular",간세포암,condition,,,유지
Blindness,실명,condition,,,유지
Respiratory Tract Infections,호흡기감염,condition,,,유지
Vitiligo,백반증,condition,,,유지
Alopecia Areata,원형탈모,condition,,,유지
Nasopharyngeal Carcinoma,비인두암,condition,,,유지
Chagas Disease,샤가스병,condition,,,유지
Kidney Diseases,신장질환,condition,,,유지
"Cardiomyopathy, Hypertrophic",비대심근병증,condition,,,유지
"Arthritis, Rheumatoid",류마티스관절염,condition,,,유지
Myositis,근육염,condition,,,유지
"Scleroderma, Systemic",전신경화증,condition,,,유지
Sjogren's Syndrome,쇼그렌증후군,condition,,,유지
Respiratory Insufficiency,호흡부전,condition,,,유지
Alcoholism,알코올중독,condition,,,유지
Polycythemia Vera,진성적혈구증가증,condition,,,유지
Myasthenia Gravis,중증근무력증,condition,,,유지
Heart Diseases,심장질환,condition,,,유지
Dementia,치매,condition,,,유지
Lewy Body Disease,루이소체병,condition,,,유지
"Dementia, Vascular",혈관치매,condition,,,유지
"Fractures, Bone",골절,condition,,,유지
Crohn Disease,크론병,condition,,,유지
"Colitis, Ulcerative",궤양성대장염,condition,,,유지
Cholangiocarcinoma,담관암,condition,,,유지
"Anemia, Iron-Deficiency",철결핍빈혈,condition,,,유지
Celiac Disease,셀리악병,condition,,,유지
Heart Failure,심부전,condition,,,유지
Acute Kidney Injury,급성콩팥손상,condition,의심,'급성콩팥손상' 과 '급성신손상' 중 선택 확인,급성 신장 손상
Inflammatory Bowel Diseases,염증성장질환,condition,,,유지
Autoimmune Diseases,자가면역질환,condition,,,유지
Uveal Melanoma,포도막흑색종,condition,,,유지
"Depressive Disorder, Treatment-Resistant",치료저항우울장애,condition,,,유지
"Purpura, Thrombocytopenic, Idiopathic",특발혈소판감소자색반병,condition,,,면역 혈소판감소증(ITP)
Pulmonary Arterial Hypertension,폐동맥고혈압,condition,,,유지
"Diabetes Mellitus, Type 2",제2형 당뇨병,condition,,,유지
"Pain, Postoperative",수술후통증,condition,,,유지
Wet Macular Degeneration,습성황반변성,condition,,,유지
Thyroid Neoplasms,갑상선암,condition,,,유지
"Glomerulonephritis, IGA",IgA신병증,condition,의심,'IgA신병증' (사구체신염 대신 관례명) 확인,유지
Liver Diseases,간질환,condition,,,유지
Liver Cirrhosis,간경화,condition,,,간경변증
"Glomerulosclerosis, Focal Segmental",국소분절사구체경화증,condition,,,유지
Glioblastoma,교모세포종,condition,,,유지
Glioma,신경아교종,condition,,,신경교종
Hepatitis B,B형간염,condition,,,유지
beta-Thalassemia,베타지중해빈혈,condition,,,유지
"Renal Insufficiency, Chronic",만성신부전,condition,,,유지
Healthy Volunteers,건강한 자원자,condition,,,유지
Healthy Volunteer,건강한 자원자,condition,,,유지
Healthy,건강인,condition,의심,'건강인' 표기 확인,건강한 사람
Advanced Solid Tumors,진행성 고형암,condition,,,유지
Advanced Cancer,진행성 암,condition,,,유지
Hepatic Impairment,간기능장애,condition,,,유지
Renal Impairments,신기능장애,condition,,,유지
