term,category,proposed_ko,reviewer_decision
Hepatic Impairment (HI),건강인·약동학,간기능장애,
Osteoarthritis Pain,통증,골관절염 통증,
Healthy Volunteer Study,건강인·약동학,건강한 자원자 시험,
Healthy Subjects,건강인·약동학,건강한 사람,
Pharmacokinetics,건강인·약동학,약동학,
Safety and Tolerability in Healthy Volunteers,건강인·약동학,건강한 자원자 대상 안전성·내약성,
Healthy Participants,건강인·약동학,건강한 참가자,
Recreational Drug Use,건강인·약동학,기호성 약물 사용,
Healthy Adults,건강인·약동학,건강한 성인,
Acute Pain,통증,급성 통증,
Healthy Participant Study,건강인·약동학,건강한 참가자 시험,
Drug Safety,건강인·약동학,약물 안전성,
"Hearing Loss, Sensorineural",청각·이비인후,감각신경성 난청,
Hearing Loss,청각·이비인후,난청,
"Hearing Loss, Hidden",청각·이비인후,숨은 난청,
Deafness,청각·이비인후,청각 상실,
Healthy Adult Participants,건강인·약동학,건강한 성인 참가자,
Healthy Volunteers Study,건강인·약동학,건강한 자원자 시험,
Healthy Volunteers Food Interaction Study,건강인·약동학,건강한 자원자 음식 영향 시험,
Healthy Adult Subjects,건강인·약동학,건강한 성인,
Drug-drug Interaction,건강인·약동학,약물 상호작용,
Breast Feeding,건강인·약동학,모유 수유,
Healthy Participants Study,건강인·약동학,건강한 참가자 시험,
Drug Safety and Bioavailability,건강인·약동학,약물 안전성·생체이용률,
Chronic Pain,통증,만성 통증,
Pain,통증,통증,
Low Back Pain,통증,요통,
Neuralgia,통증,신경통,
Volunteers,건강인·약동학,자원자,
