term,source,n_trials,example_ticker,example_nct,reviewer_decision
Recurrence,mesh,28,ADCT,NCT04705454,
HAE,condition,6,BCRX,NCT04933721,
Chronic Disease,mesh,3,AUPH,NCT00244842,
Disease,mesh,3,GERN,NCT07549451,
HER-2 Protein Overexpression,condition,3,COGT,NCT02840110,
Microsatellite Instability,mesh,3,FATE,NCT04106167,
Cervical High Grade Squamous Intraepithelial Lesion,condition,2,INO,NCT03185013,
DLBCL,condition,2,ADCT,NCT04082936,
DM1,condition,2,DYN,NCT07700225,
EGFR Exon 20 Mutations,condition,2,AVBP,NCT05607550,
HER2 Amplification,condition,2,ELVN,NCT06328738,
HLA-A*02:01-positive,condition,2,IMCR,NCT06840119,
HSIL,condition,2,INO,NCT03185013,
Joint Disease,condition,2,BCRX,NCT01265264,
KMT2Ar,condition,2,KURA,NCT06001788,
Muscular Dystrophy in Children,condition,2,DYN,NCT07608432,
Myotonic Dystrophy Type 1 (DM1),condition,2,DYN,NCT05481879,
NPM1 Mutation,condition,2,KURA,NCT06001788,
Nasal Congestion,condition,2,BCRX,NCT00958776,
Prophylaxis,condition,2,BCRX,NCT03472040,
SLE,condition,2,ARTV,NCT06265220,
X-Linked Protoporphyria (XLP),condition,2,IRON,NCT06910358,
AATD,condition,1,INBX,NCT03815396,
ATC,condition,1,CCCC,NCT05668585,
Acute Graft-versus-host Disease,condition,1,FATE,NCT02743351,
Adjuvant Treatment,condition,1,AVBP,NCT07010419,
Advanced Systemic Mastocytosis (AdvSM),condition,1,COGT,NCT04996875,
Allogeneic Stem Cell Transplantation,condition,1,FATE,NCT00890500,
Alpha-1 Antitrypsin Deficiency,condition,1,INBX,NCT03815396,
Anti-CD19,condition,1,CLYM,NCT07043946,
Anti-Synthetase Syndrome,condition,1,CABA,NCT06154252,
BMM,condition,1,COGT,NCT05186753,
Basal Cell Nevoid Syndrome (BCNS),condition,1,EXEL,NCT00670189,
Behavior,mesh,1,ACAD,NCT03947216,
Biologics,condition,1,CLYM,NCT07043946,
Bites and Stings,mesh,1,CCCC,NCT07280013,
Bunionectomy,condition,1,ACAD,NCT04855240,
CD22 Positive,condition,1,ADCT,NCT03698552,
CRC,condition,1,CCCC,NCT05668585,
Chronic GVHD,condition,1,IOVA,NCT01937468,
Chronic Graft Versus Host Disease,condition,1,IOVA,NCT01937468,
Chronic Lymphoproliferative Diseases,condition,1,GERN,NCT00124189,
Chronic Phase CML,condition,1,ELVN,NCT06787144,
Cognitive Impairment,condition,1,ANRO,NCT06502964,
Complications of Organ Transplant Stem Cells,condition,1,IOVA,NCT01937468,
DMD,condition,1,DYN,NCT07608432,
Delusion,condition,1,ACAD,NCT05240339,
Desmoid,condition,1,IMNM,NCT04871282,
Disease Progression,mesh,1,FATE,NCT07560865,
Duchenne Muscular Dystrophy With Mutations Amenable to PBGENE-DMD,condition,1,DTIL,NCT07429240,
EBV+ Associated Post-transplant Lymphoproliferative Disease (EBV+ PTLD),condition,1,ATRA,NCT02822495,
EGFR Amplification,condition,1,BCAX,NCT04429542,
EGFR P-Loop and Alpha C-Helix Compressing,condition,1,AVBP,NCT07185997,
EGFR PACC,condition,1,AVBP,NCT07185997,
EGFR Uncommon Mutations,condition,1,AVBP,NCT07185997,
"EGFR Uncommon Mutations, Including G719X and S768I",condition,1,AVBP,NCT05364073,
EGFR-TKI Resistant Mutation,condition,1,BDTX,NCT05256290,
ERBB2 Gene Amplification,condition,1,COGT,NCT07361562,
ESCC,condition,1,ALXO,NCT07085091,
Ebola Vaccine,condition,1,INO,NCT02464670,
Epidermal Growth Factor Receptor C797S,condition,1,BDTX,NCT05256290,
Epidermal Growth Factor Receptor G719X,condition,1,BDTX,NCT05256290,
Epstein-Barr Viraemia,condition,1,ATRA,NCT03769467,
Epstein-Barr Viremia,condition,1,ATRA,NCT02822495,
FGFR2 Gene Amplification,condition,1,COGT,NCT06777316,
FGFR2 Gene Fusion/Rearrangement,condition,1,COGT,NCT06777316,
FGFR2 Gene Short Variants,condition,1,COGT,NCT06777316,
FGFR2 Genetic Alterations,condition,1,COGT,NCT06777316,
FGFR3 Gene Amplification,condition,1,COGT,NCT06777316,
FGFR3 Gene Fusion/Rearrangement,condition,1,COGT,NCT06777316,
FGFR3 Gene Short Variants,condition,1,COGT,NCT06777316,
FGFR3 Genetic Alterations,condition,1,COGT,NCT06777316,
Facioscapulohumeral Muscular Dystrophy 1,condition,1,FULC,NCT04004000,
Fatigue,mesh,1,BCRX,NCT00957996,
Fever,mesh,1,BCRX,NCT00958776,
GBM,condition,1,BDTX,NCT07326566,
GIST,condition,1,COGT,NCT06208748,
Generalized Myasthenia Gravis (gMG),condition,1,CABA,NCT06359041,
"Genetic Disease, Inborn",condition,1,DYN,NCT07608432,
"Genetic Disease, X-Linked",condition,1,DYN,NCT07608432,
Glycogen Storage Disease Type Ia,condition,1,BEAM,NCT06735755,
HCV,condition,1,AVIR,NCT05904470,
HER2,condition,1,COGT,NCT07361562,
HER2 Exon 20 Mutations,condition,1,AVBP,NCT05364073,
HER2 Gene Mutation,condition,1,ELVN,NCT05650879,
HER2 Overexpression,condition,1,COGT,NCT07361562,
HPV,condition,1,AGEN,NCT05363709,
HR Positive,condition,1,ALXO,NCT05868226,
HRAS Gene Mutation,condition,1,KURA,NCT03719690,
Hailey Hailey Disease,condition,1,KRYS,NCT07717346,
Hedgehog Pathway,condition,1,EXEL,NCT00670189,
Hodgkin's Disease,condition,1,FATE,NCT01527838,
IIM,condition,1,ARTV,NCT06991114,
ISM,condition,1,COGT,NCT05186753,
ITP,condition,1,CLYM,NCT07043946,
IgAN,condition,1,ELDN,NCT05125068,
Imetelstat,condition,1,GERN,NCT07549451,
Immunosuppresion,condition,1,ELDN,NCT06972069,
KMT2A-rearranged,condition,1,KURA,NCT07355335,
Lactation,condition,1,ARDX,NCT06203444,
Limb-Girdle Muscular Dystrophy Type 2,condition,1,EWTX,NCT04349566,
Limb-girdle muscular dystrophy type 2A,mesh,1,EWTX,NCT04349566,
Lymphatic Malformation,condition,1,AVTX,NCT04994002,
MLL Rearrangement,condition,1,KURA,NCT06001788,
MSI-H,condition,1,AGEN,NCT06346197,
MYD88 Gene Mutation,condition,1,KYMR,NCT05233033,
"Mastocytosis, Indolent",condition,1,COGT,NCT05186753,
Mismatch Repair Protein Proficient,condition,1,AGEN,NCT05205330,
Monoclonal,condition,1,CLYM,NCT07043946,
Myotonic Dystrophy Type 1,condition,1,DYN,NCT07700225,
Myotonic Dystrophy Type-1,condition,1,DYN,NCT07700225,
"Myotonic Dystrophy, Type 1 (DM1)",condition,1,DYN,NCT07700225,
Myotonic Muscular Dystrophy,condition,1,DYN,NCT07700225,
NFE2L2 Gene Mutation,condition,1,FTH,NCT05275673,
Neoadjuvant Treatment,condition,1,EXEL,NCT06959511,
Nonfluent Variant Primary Progressive Aphasia (nfvPPA),condition,1,CRVO,NCT07033481,
Other Disease,condition,1,ENTX,NCT05965167,
PIK3CA Mutation,condition,1,FTH,NCT05300048,
PIK3CA Mutations,condition,1,COGT,NCT07383506,
PNH,condition,1,BCRX,NCT04702568,
PRAME Positive,condition,1,IMCR,NCT07156136,
PSP,condition,1,AMLX,NCT06122662,
PTEN Loss of Function Mutation,condition,1,FTH,NCT05300048,
Pathologic Processes,mesh,1,CTNM,NCT06683612,
Pediatric,condition,1,BCRX,NCT05453968,
Pembrolizumab,condition,1,EXEL,NCT07283731,
Phase 2,condition,1,EXEL,NCT07283731,
Phase II,condition,1,GERN,NCT07549451,
Philadelphia Chromosome Positive,condition,1,ADCT,NCT03698552,
Posttraumatic Stress Disorder,condition,1,ACAD,NCT04809116,
Progressive Disease,condition,1,FATE,NCT07560865,
RCC,condition,1,EXEL,NCT05931393,
Relapse,condition,1,ADCT,NCT06919939,
SCCHN,condition,1,EXEL,NCT04925284,
SSM,condition,1,COGT,NCT05186753,
Sclerosis,mesh,1,CTNM,NCT06683612,
Smoldering Systemic Mastocytosis,condition,1,COGT,NCT05186753,
Smoothened,condition,1,EXEL,NCT00670189,
Solid Organ Transplant Complications,condition,1,ATRA,NCT02822495,
Speech,mesh,1,CRVO,NCT07033481,
Steinert,condition,1,DYN,NCT07486934,
Stem Cell Transplant Complications,condition,1,ATRA,NCT02822495,
Stomatognathic Diseases,mesh,1,ATRA,NCT03769467,
Synucleinopathy,condition,1,ARDX,NCT06460038,
"Systemic Mastocytoses, Aggressive",condition,1,COGT,NCT06915766,
"Systemic Mastocytoses, Indolent",condition,1,COGT,NCT06915766,
Transplant Tolerance,condition,1,ELDN,NCT06972069,
Zanzalintinib,condition,1,EXEL,NCT07283731,
Zika,condition,1,INO,NCT02887482,
ctDNA Monitoring,condition,1,ALXO,NCT05868226,
