ticker,cik,name,mcap_usd,mcap_bucket,sources,reasons,time_state,state_note,time_state_v50,state_note_v50,ctgov_upcoming_count,adcom_upcoming_count
AMLX,0001658551,"Amylyx Pharmaceuticals, Inc.",2327805388,1B-5B,a_readout|b_ctgov,결과 발표 D-day 2026-08-18 · dir=positive · kw=primary endpoint|topline || 결과 발표 D-day 2026-08-18 · dir=positive · kw=primary endpoint|topline || 결과 발표 D-day 2026-08-06 · dir=positive · kw=pivotal|topline || H6 최근 상위 3분위 테마 obesity_glp1 소속 (CT.gov 활동 근사 · 2024Q4) || H6 최근 상위 3분위 테마 meal_replacement_metabolic 소속 (CT.gov 활동 근사 · 2018Q2),B,발표 후 27일 (2026-08-18 · dir=positive),A,CT.gov NCT06665165 완료 예정 D-154 (2027-02 · PHASE1),1,0
AUPH,0001600620,Aurinia Pharmaceuticals Inc.,2290813319,1B-5B,a_readout|b_ctgov,결과 발표 D-day 2026-08-06 · dir=unclassified · kw=primary endpoint || H6 최근 상위 3분위 테마 hair_loss 소속 (CT.gov 활동 근사 · 2017Q1) || H6 최근 상위 3분위 테마 meal_replacement_metabolic 소속 (CT.gov 활동 근사 · 2026Q2),C,,C,,0,0
AVIR,0001593899,"Atea Pharmaceuticals, Inc.",466791361,300M-1B,a_readout|b_ctgov,결과 발표 D-day 2026-08-13 · dir=unclassified · kw=phase 3 results|pivotal|primary endpoint || H6 최근 상위 3분위 테마 obesity_glp1 소속 (CT.gov 활동 근사 · 2020Q2),C,,A,CT.gov NCT06868264 완료 예정 D-1 (2026-09 · PHASE3),2,0
BIOA,0001709941,"BioAge Labs, Inc.",324869799,300M-1B,a_readout|b_ctgov,결과 발표 D-day 2026-08-06 · dir=unclassified · kw=primary endpoint|topline || H6 최근 상위 3분위 테마 obesity_glp1 소속 (CT.gov 활동 근사 · 2026Q2),C,,A,CT.gov NCT07656727 완료 예정 D-77 (2026-11-30 · PHASE2),1,0
FBRX,0001419041,"Forte Biosciences, Inc.",2793333626,1B-5B,a_readout|b_ctgov,결과 발표 D-day 2026-07-09 · dir=positive · kw=primary endpoint || H6 최근 상위 3분위 테마 hair_loss 소속 (CT.gov 활동 근사 · 2025Q4),C,,A,CT.gov NCT06905873 완료 예정 D-108 (2026-12-31 · PHASE1),4,0
LRMR,0001374690,"Larimar Therapeutics, Inc.",168171730,50M-300M,a_readout|b_ctgov,결과 발표 D-day 2026-08-04 · dir=unclassified · kw=top-line || 결과 발표 D-day 2026-06-29 · dir=unclassified · kw=pivotal || H6 최근 상위 3분위 테마 meal_replacement_metabolic 소속 (CT.gov 활동 근사 · 2024Q2),C,,A,CT.gov NCT06447025 완료 예정 D-123 (2027-01 · PHASE2),1,0
NGNE,0001404644,Neurogene Inc.,1655645971,1B-5B,a_readout|b_ctgov,결과 발표 D-day 2026-08-11 · dir=unclassified · kw=pivotal|primary endpoint|topline || 결과 발표 D-day 2026-06-29 · dir=unclassified · kw=pivotal|primary endpoint|topline || H6 최근 상위 3분위 테마 meal_replacement_metabolic 소속 (CT.gov 활동 근사 · 2019Q1),C,,C,,0,0
QTTB,0001661998,Q32 Bio Inc.,152697960,50M-300M,a_readout|b_ctgov,결과 발표 D-day 2026-08-05 · dir=unclassified · kw=phase 3 results|phase 3 topline|primary  || 결과 발표 D-day 2026-07-13 · dir=unclassified · kw=primary endpoint|topline || 결과 발표 D-day 2026-07-13 · dir=unclassified · kw=primary endpoint|topline || H6 최근 상위 3분위 테마 hair_loss 소속 (CT.gov 활동 근사 · 2023Q3),C,,C,,0,0
RCKT,0001281895,"ROCKET PHARMACEUTICALS, INC.",416045718,300M-1B,a_readout|b_ctgov,결과 발표 D-day 2026-08-11 · dir=unclassified · kw=pivotal || 결과 발표 D-day 2026-08-03 · dir=unclassified · kw=pivotal || H6 최근 상위 3분위 테마 meal_replacement_metabolic 소속 (CT.gov 활동 근사 · 2020Q2) || H6 최근 상위 3분위 테마 meal_replacement_metabolic 소속 (CT.gov 활동 근사 · 2026Q2),C,,C,,0,0
RGNX,0001590877,REGENXBIO Inc.,404726207,300M-1B,a_readout|b_ctgov,결과 발표 D-day 2026-08-25 · dir=unclassified · kw=pivotal|topline || 결과 발표 D-day 2026-08-06 · dir=positive · kw=pivotal|primary endpoint|topline || 결과 발표 D-day 2026-06-29 · dir=unclassified · kw=pivotal|primary endpoint|topline || H6 최근 상위 3분위 테마 meal_replacement_metabolic 소속 (CT.gov 활동 근사 · 2020Q4),B,발표 후 20일 (2026-08-25 · dir=unclassified),A,CT.gov NCT05693142 완료 예정 D-1 (2026-09 · PHASE2|PHASE3),1,0
TVTX,0001438533,"Travere Therapeutics, Inc.",4226231732,1B-5B,a_readout|b_ctgov,결과 발표 D-day 2026-08-05 · dir=unclassified · kw=pivotal|primary endpoint|topline || H6 최근 상위 3분위 테마 meal_replacement_metabolic 소속 (CT.gov 활동 근사 · 2015Q4) || H6 최근 상위 3분위 테마 meal_replacement_metabolic 소속 (CT.gov 활동 근사 · 2016Q4) || H6 최근 상위 3분위 테마 meal_replacement_metabolic 소속 (CT.gov 활동 근사 · 2018Q1) || H6 최근 상위 3분위 테마 meal_replacement_metabolic 소속 (CT.gov 활동 근사 · 2024Q1),C,,A,CT.gov NCT05003986 완료 예정 D-179 (2027-03-12 · PHASE2),4,0
VSTM,0001526119,"Verastem, Inc.",133361760,50M-300M,a_readout|b_ctgov,결과 발표 D-day 2026-08-07 · dir=unclassified · kw=pivotal|primary endpoint|topline || 결과 발표 D-day 2026-08-07 · dir=unclassified · kw=pivotal|primary endpoint|topline || 결과 발표 D-day 2026-06-24 · dir=unclassified · kw=pivotal|top-line|topline || H6 최근 상위 3분위 테마 meal_replacement_metabolic 소속 (CT.gov 활동 근사 · 2026Q2),C,,A,CT.gov NCT07644559 완료 예정 D-274 (2027-06 · PHASE2),4,0
ALT,0001326190,"Altimmune, Inc.",0,unknown,a_readout|b_ctgov,결과 발표 D-day 2026-08-12 · dir=positive · kw=primary endpoint|topline || 결과 발표 D-day 2026-07-28 · dir=positive · kw=primary endpoint|top-line|topline || H6 최근 상위 3분위 테마 obesity_glp1 소속 (CT.gov 활동 근사 · 2020Q3) || H6 최근 상위 3분위 테마 obesity_glp1 소속 (CT.gov 활동 근사 · 2021Q3) || H6 최근 상위 3분위 테마 obesity_glp1 소속 (CT.gov 활동 근사 · 2021Q4),C,,C,,0,0
SGMT,0001400118,Sagimet Biosciences Inc.,0,unknown,a_readout|b_ctgov,결과 발표 D-day 2026-08-11 · dir=positive · kw=primary endpoint|topline || 결과 발표 D-day 2026-07-21 · dir=positive · kw=primary endpoint|topline || H6 최근 상위 3분위 테마 meal_replacement_metabolic 소속 (CT.gov 활동 근사 · 2021Q2) || H6 최근 상위 3분위 테마 control_nash 소속 (CT.gov 활동 근사 · 2019Q2) || H6 최근 상위 3분위 테마 control_nash 소속 (CT.gov 활동 근사 · 2021Q2),C,,A,CT.gov NCT06989840 완료 예정 D-123 (2027-01 · PHASE1),1,0
VERU,0000863894,VERU INC.,0,unknown,a_readout|b_ctgov,결과 발표 D-day 2026-08-10 · dir=unclassified · kw=topline || H6 최근 상위 3분위 테마 obesity_glp1 소속 (CT.gov 활동 근사 · 2026Q1),C,,C,,0,0
ABCL,0001703057,AbCellera Biologics Inc.,3364844814,1B-5B,a_readout,결과 발표 D-day 2026-08-10 · dir=positive · kw=phase 2 results|top-line || 결과 발표 D-day 2026-08-08 · dir=unclassified · kw=top-line || 결과 발표 D-day 2026-08-06 · dir=unclassified · kw=top-line,C,,A,CT.gov NCT07118891 완료 예정 D-154 (2027-02 · PHASE1|PHASE2),2,0
ABOS,0001576885,"Acumen Pharmaceuticals, Inc.",125062400,50M-300M,a_readout,결과 발표 D-day 2026-08-12 · dir=unclassified · kw=phase 2 topline|pivotal|topline || 결과 발표 D-day 2026-06-16 · dir=unclassified · kw=topline,C,,C,,0,0
ACAD,0001070494,ACADIA PHARMACEUTICALS INC,4800431836,1B-5B,a_readout,결과 발표 D-day 2026-08-05 · dir=unclassified · kw=phase 2 results|topline,C,,A,CT.gov NCT07284667 완료 예정 D-335 (2027-08 · PHASE2),1,0
ACRS,0001557746,"Aclaris Therapeutics, Inc.",367338012,300M-1B,b_ctgov,H6 최근 상위 3분위 테마 hair_loss 소속 (CT.gov 활동 근사 · 2017Q4) || H6 최근 상위 3분위 테마 hair_loss 소속 (CT.gov 활동 근사 · 2018Q2) || H6 최근 상위 3분위 테마 hair_loss 소속 (CT.gov 활동 근사 · 2018Q3) || H6 최근 상위 3분위 테마 hair_loss 소속 (CT.gov 활동 근사 · 2018Q4),C,,C,,0,0
AGEN,0001098972,AGENUS INC,2118947747,1B-5B,a_readout,결과 발표 D-day 2026-08-06 · dir=unclassified · kw=primary endpoint || 결과 발표 D-day 2026-07-13 · dir=unclassified · kw=pivotal|primary endpoint|topline,C,,C,,0,0
AGIO,0001439222,"AGIOS PHARMACEUTICALS, INC.",1851678298,1B-5B,b_ctgov,H6 최근 상위 3분위 테마 meal_replacement_metabolic 소속 (CT.gov 활동 근사 · 2022Q1),C,,C,,0,0
ALEC,0001653087,"Alector, Inc.",245810837,50M-300M,b_ctgov,H6 최근 상위 3분위 테마 meal_replacement_metabolic 소속 (CT.gov 활동 근사 · 2018Q3) || H6 최근 상위 3분위 테마 meal_replacement_metabolic 소속 (CT.gov 활동 근사 · 2020Q2) || H6 최근 상위 3분위 테마 meal_replacement_metabolic 소속 (CT.gov 활동 근사 · 2023Q4) || H6 최근 상위 3분위 테마 control_amyloid 소속 (CT.gov 활동 근사 · 2023Q1),C,,C,,0,0
ANNX,0001528115,"Annexon, Inc.",722915974,300M-1B,a_readout,결과 발표 D-day 2026-08-12 · dir=unclassified · kw=pivotal|primary endpoint|topline || 결과 발표 D-day 2026-08-11 · dir=unclassified · kw=pivotal || 결과 발표 D-day 2026-08-06 · dir=unclassified · kw=phase 3 results,C,,A,CT.gov NCT06510816 완료 예정 D-47 (2026-10-31 · PHASE3),2,0
ARDX,0001437402,"ARDELYX, INC.",573697989,300M-1B,a_readout,결과 발표 D-day 2026-08-07 · dir=unclassified · kw=top-line|topline,C,,C,,0,0
ASMB,0001426800,"ASSEMBLY BIOSCIENCES, INC.",1700893939,1B-5B,a_readout,결과 발표 D-day 2026-08-15 · dir=unclassified · kw=topline,B,발표 후 30일 (2026-08-15 · dir=unclassified),B,발표 후 30일 (2026-08-15 · dir=unclassified),0,0
ATRA,0001604464,"Atara Biotherapeutics, Inc.",95659373,50M-300M,a_readout,결과 발표 D-day 2026-08-13 · dir=unclassified · kw=pivotal,C,,C,,0,0
AVBP,0001868279,"ArriVent BioPharma, Inc.",85192246,50M-300M,b_ctgov,H6 최근 상위 3분위 테마 hair_loss 소속 (CT.gov 활동 근사 · 2022Q4),C,,A,CT.gov NCT07755436 완료 예정 D-335 (2027-08 · PHASE1),1,0
BCRX,0000882796,BIOCRYST PHARMACEUTICALS INC,2578349248,1B-5B,a_readout,결과 발표 D-day 2026-08-05 · dir=unclassified · kw=pivotal|top-line || 결과 발표 D-day 2026-06-29 · dir=unclassified · kw=pivotal|top-line,C,,C,,0,0
BDTX,0001701541,"Black Diamond Therapeutics, Inc.",120652863,50M-300M,a_readout,결과 발표 D-day 2026-08-06 · dir=unclassified · kw=phase 2 results|pivotal,C,,C,,0,0
BMEA,0001840439,"Biomea Fusion, Inc.",56462567,50M-300M,b_ctgov,H6 최근 상위 3분위 테마 obesity_glp1 소속 (CT.gov 활동 근사 · 2025Q4) || H6 최근 상위 3분위 테마 meal_replacement_metabolic 소속 (CT.gov 활동 근사 · 2026Q1),C,,A,CT.gov NCT07502495 완료 예정 D-182 (2027-03 · PHASE2),2,0
CALC,0001534133,"CalciMedica, Inc.",75111213,50M-300M,a_readout,결과 발표 D-day 2026-08-11 · dir=unclassified · kw=primary endpoint || 결과 발표 D-day 2026-06-25 · dir=unclassified · kw=pivotal|primary endpoint,C,,C,,0,0
CCCC,0001662579,"C4 Therapeutics, Inc.",264002707,50M-300M,a_readout,결과 발표 D-day 2026-08-11 · dir=unclassified · kw=primary endpoint,C,,A,CT.gov NCT04756726 완료 예정 D-16 (2026-09-30 · PHASE1),1,0
COGT,0001622229,"Cogent Biosciences, Inc.",2298251446,1B-5B,a_readout,결과 발표 D-day 2026-08-10 · dir=positive · kw=pivotal|primary endpoint,C,,A,CT.gov NCT06777316 완료 예정 D-182 (2027-03 · PHASE1|PHASE2),1,0
CRBP,0001595097,"Corbus Pharmaceuticals Holdings, Inc.",139576864,50M-300M,a_readout,결과 발표 D-day 2026-08-06 · dir=unclassified · kw=topline || 결과 발표 D-day 2026-07-06 · dir=unclassified · kw=pivotal|primary endpoint|topline,C,,C,,0,0
CRBU,0001619856,"Caribou Biosciences, Inc.",168315801,50M-300M,a_readout,결과 발표 D-day 2026-08-14 · dir=unclassified · kw=pivotal,C,,C,,0,0
CRVS,0001626971,"Corvus Pharmaceuticals, Inc.",1232371797,1B-5B,a_readout,결과 발표 D-day 2026-08-07 · dir=unclassified · kw=primary endpoint,C,,A,CT.gov NCT07441395 완료 예정 D-274 (2027-06 · PHASE2),1,0
CYPH,0001509745,CYPHERPUNK TECHNOLOGIES INC.,244625145,50M-300M,a_readout,결과 발표 D-day 2026-08-12 · dir=negative · kw=primary endpoint,C,,C,,0,0
DNTH,0001690585,"Dianthus Therapeutics, Inc. /DE/",1598088490,1B-5B,a_readout,결과 발표 D-day 2026-08-05 · dir=unclassified · kw=pivotal|top-line,C,,C,,0,0
EDIT,0001650664,"Editas Medicine, Inc.",251428460,50M-300M,a_readout,결과 발표 D-day 2026-08-06 · dir=unclassified · kw=topline,C,,C,,0,0
ELDN,0001404281,"Eledon Pharmaceuticals, Inc.",120666491,50M-300M,a_readout,결과 발표 D-day 2026-08-14 · dir=positive · kw=primary endpoint,C,,C,,0,0
ELVN,0001672619,"Enliven Therapeutics, Inc.",2446336097,1B-5B,a_readout,결과 발표 D-day 2026-08-06 · dir=unclassified · kw=topline,C,,C,,0,0
ENTA,0001177648,ENANTA PHARMACEUTICALS INC,408338149,300M-1B,b_ctgov,H6 최근 상위 3분위 테마 obesity_glp1 소속 (CT.gov 활동 근사 · 2016Q3) || H6 최근 상위 3분위 테마 control_nash 소속 (CT.gov 활동 근사 · 2017Q2) || H6 최근 상위 3분위 테마 control_nash 소속 (CT.gov 활동 근사 · 2017Q3) || H6 최근 상위 3분위 테마 control_nash 소속 (CT.gov 활동 근사 · 2018Q1) || H6 최근 상위 3분위 테마 control_nash 소속 (CT.gov 활동 근사 · 2018Q3),C,,A,CT.gov NCT07540910 완료 예정 D-62 (2026-11 · PHASE1),2,0
ENTX,0001638097,Entera Bio Ltd.,510768409,300M-1B,a_readout,결과 발표 D-day 2026-08-08 · dir=unclassified · kw=primary endpoint|topline,C,,C,,0,0
EWTX,0001710072,"Edgewise Therapeutics, Inc.",3972183360,1B-5B,a_readout,결과 발표 D-day 2026-08-06 · dir=unclassified · kw=top-line || 결과 발표 D-day 2026-07-13 · dir=positive · kw=pivotal|top-line|topline,C,,A,CT.gov NCT05291091 완료 예정 D-1 (2026-09 · PHASE2),3,0
FATE,0001434316,FATE THERAPEUTICS INC,289965653,50M-300M,a_readout,결과 발표 D-day 2026-08-13 · dir=unclassified · kw=pivotal|primary endpoint,C,,C,,0,0
FDMT,0001650648,"4D Molecular Therapeutics, Inc.",488927550,300M-1B,a_readout,결과 발표 D-day 2026-08-14 · dir=unclassified · kw=phase 3 topline|topline,C,,C,,0,0
FULC,0001680581,"Fulcrum Therapeutics, Inc.",157476253,50M-300M,a_readout,결과 발표 D-day 2026-08-17 · dir=positive · kw=pivotal|topline,B,발표 후 28일 (2026-08-17 · dir=positive),B,발표 후 28일 (2026-08-17 · dir=positive),0,0
GERN,0000886744,GERON CORP,589296407,300M-1B,a_readout,결과 발표 D-day 2026-08-06 · dir=unclassified · kw=pivotal,C,,C,,0,0
GYRE,0001124105,"GYRE THERAPEUTICS, INC.",202278514,50M-300M,a_readout,결과 발표 D-day 2026-09-01 · dir=unclassified · kw=phase 3 results|pivotal|primary endpoint || 결과 발표 D-day 2026-08-26 · dir=positive · kw=phase 3 results|pivotal|primary endpoint || 결과 발표 D-day 2026-08-07 · dir=positive · kw=pivotal || 결과 발표 D-day 2026-07-17 · dir=positive · kw=pivotal,B,발표 후 13일 (2026-09-01 · dir=unclassified),B,발표 후 13일 (2026-09-01 · dir=unclassified),0,0
IMCR,0001671927,Immunocore Holdings plc,1934803024,1B-5B,a_readout,결과 발표 D-day 2026-08-06 · dir=unclassified · kw=primary endpoint|topline,C,,C,,0,0
IMNM,0001472012,Immunome Inc.,331420332,300M-1B,a_readout,결과 발표 D-day 2026-08-12 · dir=positive · kw=primary endpoint,C,,C,,0,0
IMUX,0001280776,"IMMUNIC, INC.",390009343,300M-1B,a_readout,결과 발표 D-day 2026-08-11 · dir=unclassified · kw=pivotal|primary endpoint|top-line,C,,C,,0,0
IOVA,0001425205,"IOVANCE BIOTHERAPEUTICS, INC.",2429971220,1B-5B,a_readout,결과 발표 D-day 2026-08-07 · dir=unclassified · kw=pivotal || 결과 발표 D-day 2026-08-06 · dir=unclassified · kw=pivotal || 결과 발표 D-day 2026-07-03 · dir=unclassified · kw=pivotal,C,,C,,0,0
KOD,0001468748,Kodiak Sciences Inc.,2285206294,1B-5B,a_readout,결과 발표 D-day 2026-08-14 · dir=unclassified · kw=phase 3 topline|pivotal|primary endpoint,C,,A,CT.gov NCT06996080 완료 예정 D-154 (2027-02 · PHASE3),2,0
KROS,0001664710,"Keros Therapeutics, Inc.",259959071,50M-300M,a_readout,결과 발표 D-day 2026-08-04 · dir=unclassified · kw=primary endpoint,C,,C,,0,0
KURA,0001422143,"Kura Oncology, Inc.",1022593282,1B-5B,a_readout,결과 발표 D-day 2026-08-13 · dir=unclassified · kw=pivotal|topline,C,,A,CT.gov NCT06001788 완료 예정 D-92 (2026-12 · PHASE1),2,0
LONA,0001620463,"LeonaBio, Inc.",293929035,50M-300M,a_readout,결과 발표 D-day 2026-08-15 · dir=positive · kw=primary endpoint|topline,B,발표 후 30일 (2026-08-15 · dir=positive),B,발표 후 30일 (2026-08-15 · dir=positive),0,0
MCRB,0001609809,"Seres Therapeutics, Inc.",56068710,50M-300M,a_readout,결과 발표 D-day 2026-08-05 · dir=unclassified · kw=topline || 결과 발표 D-day 2026-07-08 · dir=positive · kw=pivotal|primary endpoint|top-line|toplin,C,,C,,0,0
MLYS,0001933414,"Mineralys Therapeutics, Inc.",181471861,50M-300M,b_ctgov,H6 최근 상위 3분위 테마 obesity_glp1 소속 (CT.gov 활동 근사 · 2023Q1),C,,C,,0,0
MNPR,0001645469,Monopar Therapeutics,625682731,300M-1B,a_readout,결과 발표 D-day 2026-08-13 · dir=positive · kw=pivotal|primary endpoint || 결과 발표 D-day 2026-07-22 · dir=positive · kw=pivotal|primary endpoint || 결과 발표 D-day 2026-06-30 · dir=positive · kw=pivotal|primary endpoint || 결과 발표 D-day 2026-06-27 · dir=positive · kw=pivotal|primary endpoint,C,,A,CT.gov NCT06337084 완료 예정 D-92 (2026-12 · PHASE1),2,0
MREO,0001719714,Mereo BioPharma Group plc,217179734,50M-300M,a_readout,결과 발표 D-day 2026-08-11 · dir=negative · kw=top-line || 결과 발표 D-day 2026-08-11 · dir=unclassified · kw=pivotal|top-line,C,,C,,0,0
NRIX,0001549595,"Nurix Therapeutics, Inc.",1196954826,1B-5B,a_readout,결과 발표 D-day 2026-07-10 · dir=unclassified · kw=pivotal,C,,A,CT.gov NCT05131022 완료 예정 D-123 (2027-01 · PHASE1),1,0
OCUL,0001393434,"OCULAR THERAPEUTIX, INC",845014207,300M-1B,a_readout,결과 발표 D-day 2026-08-03 · dir=unclassified · kw=pivotal|primary endpoint|topline,C,,A,CT.gov NCT06495918 완료 예정 D-116 (2027-01-08 · PHASE3),2,0
PASG,0001787297,"Passage BIO, Inc.",256578370,50M-300M,b_ctgov,H6 최근 상위 3분위 테마 meal_replacement_metabolic 소속 (CT.gov 활동 근사 · 2021Q1),C,,C,,0,0
PMVP,0001699382,"PMV Pharmaceuticals, Inc.",66287992,50M-300M,a_readout,결과 발표 D-day 2026-09-01 · dir=unclassified · kw=pivotal,B,발표 후 13일 (2026-09-01 · dir=unclassified),A,CT.gov NCT07372625 완료 예정 D-182 (2027-03 · PHASE1),1,0
RLMD,0001553643,"RELMADA THERAPEUTICS, INC.",125165497,50M-300M,a_readout,결과 발표 D-day 2026-08-07 · dir=unclassified · kw=primary endpoint|top-line || 결과 발표 D-day 2026-07-28 · dir=unclassified · kw=top-line,C,,C,,0,0
RXRX,0001601830,"RECURSION PHARMACEUTICALS, INC.",966530885,300M-1B,a_readout,결과 발표 D-day 2026-08-05 · dir=unclassified · kw=pivotal,C,,A,CT.gov NCT05552755 완료 예정 D-274 (2027-06 · PHASE1|PHASE2),1,0
SLN,0001479615,Silence Therapeutics plc,1327916005,1B-5B,a_readout,결과 발표 D-day 2026-08-10 · dir=positive · kw=phase 2 results|phase 2 topline|primary  || 결과 발표 D-day 2026-08-10 · dir=unclassified · kw=topline || 결과 발표 D-day 2026-06-24 · dir=unclassified · kw=primary endpoint|topline,C,,A,CT.gov NCT05499013 완료 예정 D-1 (2026-09 · PHASE1|PHASE2),1,0
SPRY,0001671858,"ARS Pharmaceuticals, Inc.",541872307,300M-1B,a_readout,결과 발표 D-day 2026-08-14 · dir=unclassified · kw=pivotal,C,,A,CT.gov NCT06834165 완료 예정 D-213 (2027-04 · PHASE4),2,0
SRRK,0001727196,Scholar Rock Holding Corp,4250292845,1B-5B,a_readout,결과 발표 D-day 2026-08-06 · dir=positive · kw=pivotal|primary endpoint|topline,C,,C,,0,0
STOK,0001623526,"Stoke Therapeutics, Inc.",1588479628,1B-5B,a_readout,결과 발표 D-day 2026-08-04 · dir=unclassified · kw=pivotal|primary endpoint || 결과 발표 D-day 2026-06-30 · dir=unclassified · kw=pivotal|primary endpoint,C,,A,CT.gov NCT06872125 완료 예정 D-182 (2027-03 · PHASE3),1,0
STTK,0001680367,"Shattuck Labs, Inc.",698528244,300M-1B,a_readout,결과 발표 D-day 2026-08-11 · dir=unclassified · kw=primary endpoint,C,,C,,0,0
SYRE,0001636282,"Spyre Therapeutics, Inc.",353268880,300M-1B,a_readout,결과 발표 D-day 2026-08-26 · dir=mixed · kw=primary endpoint|topline || 결과 발표 D-day 2026-08-05 · dir=positive · kw=phase 2 results|pivotal|topline,B,발표 후 19일 (2026-08-26 · dir=mixed),A,CT.gov NCT07148414 완료 예정 D-47 (2026-10-31 · PHASE2),3,0
TBPH,0001583107,"Theravance Biopharma, Inc.",886772314,300M-1B,a_readout,결과 발표 D-day 2026-08-26 · dir=mixed · kw=pivotal|primary endpoint || 결과 발표 D-day 2026-06-29 · dir=unclassified · kw=topline,B,발표 후 19일 (2026-08-26 · dir=mixed),B,발표 후 19일 (2026-08-26 · dir=mixed),0,0
TECX,0001681087,"Tectonic Therapeutic, Inc.",1313966723,1B-5B,a_readout,결과 발표 D-day 2026-08-07 · dir=unclassified · kw=phase 2 topline|primary endpoint|topline,C,,C,,0,0
URGN,0001668243,UroGen Pharma Ltd.,1385280474,1B-5B,a_readout,결과 발표 D-day 2026-08-05 · dir=unclassified · kw=pivotal,C,,A,CT.gov NCT06774131 완료 예정 D-182 (2027-03 · PHASE3),1,0
VRCA,0001660334,Verrica Pharmaceuticals Inc.,92078295,50M-300M,a_readout,결과 발표 D-day 2026-08-07 · dir=unclassified · kw=pivotal|topline,C,,A,CT.gov NCT07637734 완료 예정 D-243 (2027-05 · PHASE3),2,0
VRDN,0001590750,"Viridian Therapeutics, Inc.\DE",1239521082,1B-5B,a_readout,결과 발표 D-day 2026-08-06 · dir=unclassified · kw=pivotal|topline || 결과 발표 D-day 2026-06-27 · dir=positive · kw=pivotal,C,,C,,0,0
VXRT,0000072444,"Vaxart, Inc.",53254271,50M-300M,a_readout,결과 발표 D-day 2026-08-07 · dir=unclassified · kw=primary endpoint|topline || 결과 발표 D-day 2026-07-18 · dir=unclassified · kw=topline || 결과 발표 D-day 2026-07-07 · dir=unclassified · kw=topline,C,,C,,0,0
