date,ticker,name,mcap_bucket,why_candidate,sources,apewisdom_rank,apewisdom_24h,apewisdom_prev,st_24h,st_bullish,st_bearish,st_baseline_n,st_baseline_mean,st_baseline_mult,reddit_rss_matches,stage,keywords,st_samples,reddit_samples
2026-09-14,AMLX,"Amylyx Pharmaceuticals, Inc.",1B-5B,결과 발표 D-day 2026-08-18 · dir=positive · kw=primary endpoint|topline || 결과 발표 D-day 2026-08-18 · dir=positive · kw=primary endpoint|topline || 결과 발표 D-day 2026-08-06 · dir=positive · kw=pivotal|topline || H6 최근 상위 3분위 테마 obesity_glp1 소속 (CT.gov 활동 근사 ,a_readout|b_ctgov,0,0,0,1,1,0,2,0.0,collecting,0,quiet,,"[{""title"": ""$AMLX Morgan Stanley Global Health Conf kicks off today! we fireside chat tomorr"", ""link"": ""https://stocktwits.com/message/664173810"", ""kw"": []}]",[]
2026-09-14,AUPH,Aurinia Pharmaceuticals Inc.,1B-5B,결과 발표 D-day 2026-08-06 · dir=unclassified · kw=primary endpoint || H6 최근 상위 3분위 테마 hair_loss 소속 (CT.gov 활동 근사 · 2017Q1) || H6 최근 상위 3분위 테마 meal_replacement_metabolic 소속 (CT.gov 활동 근사 · 2026Q2),a_readout|b_ctgov,0,0,0,5,4,0,2,2.0,2.5,0,collecting,,"[{""title"": ""$AUPH Feels good to be here during the AI bubble bursting slowly. We seem immune"", ""link"": ""https://stocktwits.com/message/664174259"", ""kw"": []}, {""title"": ""$AUPH C&#39;mon Tang, I need a bump!"", ""link"": ""https://stocktwits.com/message/664159237"", ""kw"": []}, {""title"": ""$AUPH Infringement if they do they may be heavy damages.  Of course when it come"", ""link"": ""https://stocktwits.com/message/664145419"", ""kw"": []}]",[]
2026-09-14,AVBP,"ArriVent BioPharma, Inc.",50M-300M,결과 발표 D-day 2026-08-13 · dir=unclassified · kw=pivotal|primary endpoint|top-line|toplin || H6 최근 상위 3분위 테마 hair_loss 소속 (CT.gov 활동 근사 · 2022Q4),a_readout|b_ctgov,0,0,0,1,0,0,2,0.5,2.0,0,quiet,,"[{""title"": ""$AVBP so this is getting more and more interesting."", ""link"": ""https://stocktwits.com/message/664150538"", ""kw"": []}]",[]
2026-09-14,AVIR,"Atea Pharmaceuticals, Inc.",300M-1B,결과 발표 D-day 2026-08-13 · dir=unclassified · kw=phase 3 results|pivotal|primary endpoint || H6 최근 상위 3분위 테마 obesity_glp1 소속 (CT.gov 활동 근사 · 2020Q2),a_readout|b_ctgov,0,0,0,0,0,0,2,0.0,collecting,0,quiet,,[],[]
2026-09-14,BIOA,"BioAge Labs, Inc.",300M-1B,결과 발표 D-day 2026-08-06 · dir=unclassified · kw=primary endpoint|topline || H6 최근 상위 3분위 테마 obesity_glp1 소속 (CT.gov 활동 근사 · 2026Q2),a_readout|b_ctgov,0,0,0,0,0,0,2,0.0,collecting,0,quiet,,[],[]
2026-09-14,FBRX,"Forte Biosciences, Inc.",1B-5B,결과 발표 D-day 2026-07-09 · dir=positive · kw=primary endpoint || H6 최근 상위 3분위 테마 hair_loss 소속 (CT.gov 활동 근사 · 2025Q4),a_readout|b_ctgov,0,0,0,0,0,0,2,0.0,collecting,0,quiet,,[],[]
2026-09-14,LRMR,"Larimar Therapeutics, Inc.",50M-300M,결과 발표 D-day 2026-08-04 · dir=unclassified · kw=top-line || 결과 발표 D-day 2026-06-29 · dir=unclassified · kw=pivotal || H6 최근 상위 3분위 테마 meal_replacement_metabolic 소속 (CT.gov 활동 근사 · 2024Q2),a_readout|b_ctgov,0,0,0,0,0,0,2,0.0,collecting,0,quiet,,[],[]
2026-09-14,MLYS,"Mineralys Therapeutics, Inc.",50M-300M,결과 발표 D-day 2026-08-12 · dir=unclassified · kw=pivotal || H6 최근 상위 3분위 테마 obesity_glp1 소속 (CT.gov 활동 근사 · 2023Q1),a_readout|b_ctgov,0,0,0,0,0,0,2,0.0,collecting,0,quiet,,[],[]
2026-09-14,NGNE,Neurogene Inc.,1B-5B,결과 발표 D-day 2026-08-11 · dir=unclassified · kw=pivotal|primary endpoint|topline || 결과 발표 D-day 2026-06-29 · dir=unclassified · kw=pivotal|primary endpoint|topline || H6 최근 상위 3분위 테마 meal_replacement_metabolic 소속 (CT.gov 활동 근사 · 2019Q1),a_readout|b_ctgov,0,0,0,0,0,0,2,0.0,collecting,0,quiet,,[],[]
2026-09-14,QTTB,Q32 Bio Inc.,50M-300M,결과 발표 D-day 2026-08-05 · dir=unclassified · kw=phase 3 results|phase 3 topline|primary  || 결과 발표 D-day 2026-07-13 · dir=unclassified · kw=primary endpoint|topline || 결과 발표 D-day 2026-07-13 · dir=unclassified · kw=primary endpoint|topline || H6 최근 상위 ,a_readout|b_ctgov,0,0,0,0,0,0,2,0.5,0.0,0,quiet,,[],[]
2026-09-14,RCKT,"ROCKET PHARMACEUTICALS, INC.",300M-1B,결과 발표 D-day 2026-08-11 · dir=unclassified · kw=pivotal || 결과 발표 D-day 2026-08-03 · dir=unclassified · kw=pivotal || H6 최근 상위 3분위 테마 meal_replacement_metabolic 소속 (CT.gov 활동 근사 · 2020Q2) || H6 최근 상위 3분위 테마 meal_replacement_metabolic 소속 (CT.gov 활동 근사 ·,a_readout|b_ctgov,0,0,0,1,0,0,2,0.5,2.0,0,quiet,,"[{""title"": ""$RCKT There was one slide on the RTW Biotech Opportunites Ltd&#39;s Results pres"", ""link"": ""https://stocktwits.com/message/664173521"", ""kw"": []}]",[]
2026-09-14,RGNX,REGENXBIO Inc.,300M-1B,결과 발표 D-day 2026-08-25 · dir=unclassified · kw=pivotal|topline || 결과 발표 D-day 2026-08-06 · dir=positive · kw=pivotal|primary endpoint|topline || 결과 발표 D-day 2026-06-29 · dir=unclassified · kw=pivotal|primary endpoint|topline || H6 최근 상위 3분위 테마 meal_r,a_readout|b_ctgov,0,0,0,0,0,0,2,0.0,collecting,0,quiet,,[],[]
2026-09-14,TVTX,"Travere Therapeutics, Inc.",1B-5B,결과 발표 D-day 2026-08-05 · dir=unclassified · kw=pivotal|primary endpoint|topline || H6 최근 상위 3분위 테마 meal_replacement_metabolic 소속 (CT.gov 활동 근사 · 2015Q4) || H6 최근 상위 3분위 테마 meal_replacement_metabolic 소속 (CT.gov 활동 근사 · 2016Q4) || H6 최근 상위 3분위 테마 meal_,a_readout|b_ctgov,0,0,0,0,0,0,2,0.0,collecting,1,quiet,,[],"[{""title"": ""$TVTX vs $VERA: The Business That Already Exists vs the Upside That Could Become"", ""link"": ""https://www.reddit.com/r/Biotechplays/comments/1vsqqwu/tvtx_vs_vera_the_business_that_already_exists_vs/"", ""sub"": ""biotechplays"", ""kw"": []}]"
2026-09-14,VSTM,"Verastem, Inc.",50M-300M,결과 발표 D-day 2026-08-07 · dir=unclassified · kw=pivotal|primary endpoint|topline || 결과 발표 D-day 2026-08-07 · dir=unclassified · kw=pivotal|primary endpoint|topline || 결과 발표 D-day 2026-06-24 · dir=unclassified · kw=pivotal|top-line|topline || H6 최근 상위 ,a_readout|b_ctgov,0,0,0,4,1,0,2,2.5,1.6,0,collecting,,"[{""title"": ""$VSTM   $RVMD   New Verastem CEO   hits the ground running,   bagging options   "", ""link"": ""https://stocktwits.com/message/664173966"", ""kw"": []}, {""title"": ""$VSTM https://www.fiercebiotech.com/biotech/future-ras-inhibitors Audio link for"", ""link"": ""https://stocktwits.com/message/664162836"", ""kw"": []}, {""title"": ""$VSTM @CrozrX The first page is a an impressive A.I. rendering. If only they wou"", ""link"": ""https://stocktwits.com/message/664151340"", ""kw"": []}]",[]
2026-09-14,ALT,"Altimmune, Inc.",unknown,결과 발표 D-day 2026-08-12 · dir=positive · kw=primary endpoint|topline || 결과 발표 D-day 2026-07-28 · dir=positive · kw=primary endpoint|top-line|topline || H6 최근 상위 3분위 테마 obesity_glp1 소속 (CT.gov 활동 근사 · 2020Q3) || H6 최근 상위 3분위 테마 obesity_glp1 소속 (CT.gov ,a_readout|b_ctgov,0,0,0,19,10,0,2,18.5,1.03,0,collecting,squeeze,"[{""title"": ""$ALT  Interesting trend since late July:  IBKR availables: ~3M → 550–900k  Borro"", ""link"": ""https://stocktwits.com/message/664172498"", ""kw"": [""squeeze""]}, {""title"": ""$ALT $ALAB $LABD $LABU Golden play imo"", ""link"": ""https://stocktwits.com/message/664171444"", ""kw"": []}, {""title"": ""$ALT"", ""link"": ""https://stocktwits.com/message/664166034"", ""kw"": []}]",[]
2026-09-14,SGMT,Sagimet Biosciences Inc.,unknown,결과 발표 D-day 2026-08-11 · dir=positive · kw=primary endpoint|topline || 결과 발표 D-day 2026-07-21 · dir=positive · kw=primary endpoint|topline || H6 최근 상위 3분위 테마 meal_replacement_metabolic 소속 (CT.gov 활동 근사 · 2021Q2) || H6 최근 상위 3분위 테마 control_nash 소속 (CT,a_readout|b_ctgov,0,0,0,1,0,0,2,0.5,2.0,0,quiet,,"[{""title"": ""$SGMT The company is presenting at the H.C. Wainwright 28th Annual Global Invest"", ""link"": ""https://stocktwits.com/message/664148923"", ""kw"": []}]",[]
2026-09-14,VERU,VERU INC.,unknown,결과 발표 D-day 2026-08-10 · dir=unclassified · kw=topline || H6 최근 상위 3분위 테마 obesity_glp1 소속 (CT.gov 활동 근사 · 2026Q1),a_readout|b_ctgov,0,0,0,2,0,0,2,0.5,4.0,0,quiet,,"[{""title"": ""$VERU COPENHAGEN, Aug 5 (Reuters) - Novo Nordisk ​CEO Mike Doustdar sought to re"", ""link"": ""https://stocktwits.com/message/664169429"", ""kw"": []}, {""title"": ""$VERU Oral GLP Tracker: UPDATED: Sept. 11, 2026    Both Novo Nordisk’s Wegovy pi"", ""link"": ""https://stocktwits.com/message/664153975"", ""kw"": [""readout""]}]",[]
2026-09-14,ABCL,AbCellera Biologics Inc.,1B-5B,결과 발표 D-day 2026-08-10 · dir=positive · kw=phase 2 results|top-line || 결과 발표 D-day 2026-08-08 · dir=unclassified · kw=top-line || 결과 발표 D-day 2026-08-06 · dir=unclassified · kw=top-line,a_readout,0,0,0,9,8,0,1,12.0,0.75,0,collecting,,"[{""title"": ""$WB $REGN $PTC $ASX $ABCL /"", ""link"": ""https://stocktwits.com/message/664173001"", ""kw"": []}, {""title"": ""$AIQ $VCX $ABCL $AQST $WB -"", ""link"": ""https://stocktwits.com/message/664172822"", ""kw"": []}, {""title"": ""$ABCL $TGTX $SNDX Top swings"", ""link"": ""https://stocktwits.com/message/664170785"", ""kw"": []}]",[]
2026-09-14,ABOS,"Acumen Pharmaceuticals, Inc.",50M-300M,결과 발표 D-day 2026-08-12 · dir=unclassified · kw=phase 2 topline|pivotal|topline || 결과 발표 D-day 2026-06-16 · dir=unclassified · kw=topline,a_readout,0,0,0,0,0,0,2,0.0,collecting,0,quiet,,[],[]
2026-09-14,ACAD,ACADIA PHARMACEUTICALS INC,1B-5B,결과 발표 D-day 2026-08-05 · dir=unclassified · kw=phase 2 results|topline,a_readout,0,0,0,0,0,0,2,0.0,collecting,0,quiet,,[],[]
2026-09-14,ACRS,"Aclaris Therapeutics, Inc.",300M-1B,H6 최근 상위 3분위 테마 hair_loss 소속 (CT.gov 활동 근사 · 2017Q4) || H6 최근 상위 3분위 테마 hair_loss 소속 (CT.gov 활동 근사 · 2018Q2) || H6 최근 상위 3분위 테마 hair_loss 소속 (CT.gov 활동 근사 · 2018Q3) || H6 최근 상위 3분위 테마 hair_loss 소속 (CT.gov 활동 근사 · 2018Q4),b_ctgov,0,0,0,4,1,1,2,1.5,2.67,0,collecting,,"[{""title"": ""$ACRS no fake pumpers here bud, just genuinely hope that the new drugs works, he"", ""link"": ""https://stocktwits.com/message/664171566"", ""kw"": []}, {""title"": ""$ACRS   I WOULD NOT INVEST HERE / FAKE PUMPERS"", ""link"": ""https://stocktwits.com/message/664159139"", ""kw"": []}, {""title"": ""$ACRS"", ""link"": ""https://stocktwits.com/message/664156325"", ""kw"": []}]",[]
2026-09-14,ADCT,ADC Therapeutics SA,50M-300M,결과 발표 D-day 2026-08-13 · dir=positive · kw=primary endpoint|topline || 결과 발표 D-day 2026-06-24 · dir=unclassified · kw=topline,a_readout,0,0,0,0,0,0,1,0.0,collecting,0,quiet,,[],[]
2026-09-14,AGEN,AGENUS INC,1B-5B,결과 발표 D-day 2026-08-06 · dir=unclassified · kw=primary endpoint || 결과 발표 D-day 2026-07-13 · dir=unclassified · kw=pivotal|primary endpoint|topline,a_readout,0,0,0,3,0,2,2,1.5,2.0,0,collecting,,"[{""title"": ""$AGEN history tell us when logs higher makes weekend posts ,the stock falls on m"", ""link"": ""https://stocktwits.com/message/664165150"", ""kw"": []}, {""title"": ""$AGEN This is going to get absolutely pummelled tomorrow morning, kiss goodbye t"", ""link"": ""https://stocktwits.com/message/664163583"", ""kw"": []}, {""title"": ""$AGEN https://lnkd.in/p/eB-w78Y5"", ""link"": ""https://stocktwits.com/message/664152155"", ""kw"": []}]",[]
2026-09-14,AGIO,"AGIOS PHARMACEUTICALS, INC.",1B-5B,H6 최근 상위 3분위 테마 meal_replacement_metabolic 소속 (CT.gov 활동 근사 · 2022Q1),b_ctgov,0,0,0,0,0,0,2,0.5,0.0,0,quiet,,[],[]
2026-09-14,ALEC,"Alector, Inc.",50M-300M,H6 최근 상위 3분위 테마 meal_replacement_metabolic 소속 (CT.gov 활동 근사 · 2018Q3) || H6 최근 상위 3분위 테마 meal_replacement_metabolic 소속 (CT.gov 활동 근사 · 2020Q2) || H6 최근 상위 3분위 테마 meal_replacement_metabolic 소속 (CT.gov 활동 근사 · 2023Q4) || H6 최근 상위 3분위 테마 control_amyloid,b_ctgov,0,0,0,0,0,0,2,0.0,collecting,0,quiet,,[],[]
2026-09-14,ALGS,"Aligos Therapeutics, Inc.",50M-300M,결과 발표 D-day 2026-08-06 · dir=unclassified · kw=topline,a_readout,0,0,0,0,0,0,1,0.0,collecting,0,quiet,,[],[]
2026-09-14,ALXO,ALX ONCOLOGY HOLDINGS INC,50M-300M,결과 발표 D-day 2026-08-06 · dir=unclassified · kw=topline || 결과 발표 D-day 2026-07-01 · dir=unclassified · kw=pivotal,a_readout,0,0,0,0,0,0,1,0.0,collecting,0,quiet,,[],[]
2026-09-14,ANNX,"Annexon, Inc.",300M-1B,결과 발표 D-day 2026-08-12 · dir=unclassified · kw=pivotal|primary endpoint|topline || 결과 발표 D-day 2026-08-11 · dir=unclassified · kw=pivotal || 결과 발표 D-day 2026-08-06 · dir=unclassified · kw=phase 3 results,a_readout,0,0,0,0,0,0,2,0.5,0.0,0,quiet,,[],[]
2026-09-14,ANRO,"Alto Neuroscience, Inc.",50M-300M,결과 발표 D-day 2026-08-13 · dir=positive · kw=primary endpoint|topline,a_readout,0,0,0,0,0,0,1,0.0,collecting,0,quiet,,[],[]
2026-09-14,ANTX,"AN2 Therapeutics, Inc.",50M-300M,결과 발표 D-day 2026-08-12 · dir=unclassified · kw=pivotal|topline,a_readout,0,0,0,0,0,0,1,0.0,collecting,0,quiet,,[],[]
2026-09-14,ARDX,"ARDELYX, INC.",300M-1B,결과 발표 D-day 2026-08-07 · dir=unclassified · kw=top-line|topline,a_readout,0,0,0,9,2,1,2,7.0,1.29,0,collecting,buyout,"[{""title"": ""$ARDX I’d like to take a moment to greet everyone who, two months ago, suspected"", ""link"": ""https://stocktwits.com/message/664172192"", ""kw"": [""buyout""]}, {""title"": ""$ARDX ¬"", ""link"": ""https://stocktwits.com/message/664170806"", ""kw"": []}, {""title"": ""$ARDX Was this posted already? New real world tenapanor plus binders study in ch"", ""link"": ""https://stocktwits.com/message/664170512"", ""kw"": []}]",[]
2026-09-14,ASMB,"ASSEMBLY BIOSCIENCES, INC.",1B-5B,결과 발표 D-day 2026-08-15 · dir=unclassified · kw=topline,a_readout,0,0,0,0,0,0,2,0.0,collecting,0,quiet,,[],[]
2026-09-14,ATRA,"Atara Biotherapeutics, Inc.",50M-300M,결과 발표 D-day 2026-08-13 · dir=unclassified · kw=pivotal,a_readout,0,0,0,0,0,0,2,0.0,collecting,0,quiet,,[],[]
2026-09-14,AUTL,Autolus Therapeutics plc,50M-300M,결과 발표 D-day 2026-08-11 · dir=unclassified · kw=pivotal,a_readout,0,0,0,2,1,0,1,0.0,collecting,0,quiet,,"[{""title"": ""$AUTL"", ""link"": ""https://stocktwits.com/message/664173851"", ""kw"": []}, {""title"": ""$AUTL https://finance.yahoo.com/healthcare/articles/aucatzyl-sales-exploding-aut"", ""link"": ""https://stocktwits.com/message/664173408"", ""kw"": []}]",[]
2026-09-14,BCRX,BIOCRYST PHARMACEUTICALS INC,1B-5B,결과 발표 D-day 2026-08-05 · dir=unclassified · kw=pivotal|top-line || 결과 발표 D-day 2026-06-29 · dir=unclassified · kw=pivotal|top-line,a_readout,0,0,0,8,2,0,2,15.5,0.52,0,collecting,,"[{""title"": ""$BCRX Just a little charting from my phone during the game.  Big breakdown has s"", ""link"": ""https://stocktwits.com/message/664166305"", ""kw"": []}, {""title"": ""$BCRX the kids pellets are the difference maker, thus allow this to hit a billio"", ""link"": ""https://stocktwits.com/message/664163216"", ""kw"": []}, {""title"": ""$BCRX going to be a brutal week"", ""link"": ""https://stocktwits.com/message/664162619"", ""kw"": []}]",[]
2026-09-14,BDTX,"Black Diamond Therapeutics, Inc.",50M-300M,결과 발표 D-day 2026-08-06 · dir=unclassified · kw=phase 2 results|pivotal,a_readout,0,0,0,2,2,0,1,1.0,2.0,0,quiet,,"[{""title"": ""$BDTX CEO will not talk tomorrow at weinwright global investment conference . Th"", ""link"": ""https://stocktwits.com/message/664173437"", ""kw"": []}, {""title"": ""$BDTX   These investor conferences serve as institutional holder Q&amp;A. They’r"", ""link"": ""https://stocktwits.com/message/664148003"", ""kw"": []}]",[]
2026-09-14,BEAM,Beam Therapeutics Inc.,1B-5B,결과 발표 D-day 2026-08-04 · dir=unclassified · kw=pivotal,a_readout,0,0,0,0,0,0,1,0.0,collecting,0,quiet,,[],[]
2026-09-14,BMEA,"Biomea Fusion, Inc.",50M-300M,H6 최근 상위 3분위 테마 obesity_glp1 소속 (CT.gov 활동 근사 · 2025Q4) || H6 최근 상위 3분위 테마 meal_replacement_metabolic 소속 (CT.gov 활동 근사 · 2026Q1),b_ctgov,0,0,0,7,5,0,2,4.5,1.56,0,collecting,,"[{""title"": ""$BMEA"", ""link"": ""https://stocktwits.com/message/664169791"", ""kw"": []}, {""title"": ""$BMEA  Mick is teamed with Dr. Frías, CMO of BMEA who didn&#39;t just casually w"", ""link"": ""https://stocktwits.com/message/664167477"", ""kw"": []}, {""title"": ""$BMEA well the nasdaq is getting torched in overnight trading due to AI slow dow"", ""link"": ""https://stocktwits.com/message/664161032"", ""kw"": []}]",[]
2026-09-14,CABA,"Cabaletta Bio, Inc.",50M-300M,결과 발표 D-day 2026-08-13 · dir=positive · kw=primary endpoint|topline,a_readout,0,0,0,3,0,0,1,3.0,1.0,0,collecting,,"[{""title"": ""$CABA Watch it"", ""link"": ""https://stocktwits.com/message/664155678"", ""kw"": []}, {""title"": ""$CABA if this is buy the book  new float 212 million shrs an additional  125 mil"", ""link"": ""https://stocktwits.com/message/664146433"", ""kw"": []}, {""title"": ""$CABA ok warrant conversion  is over Two ?  What is the new foat  how much cash "", ""link"": ""https://stocktwits.com/message/664146372"", ""kw"": [""dilution""]}]",[]
2026-09-14,CALC,"CalciMedica, Inc.",50M-300M,결과 발표 D-day 2026-08-11 · dir=unclassified · kw=primary endpoint || 결과 발표 D-day 2026-06-25 · dir=unclassified · kw=pivotal|primary endpoint,a_readout,0,0,0,0,0,0,2,0.0,collecting,0,quiet,,[],[]
2026-09-14,CCCC,"C4 Therapeutics, Inc.",50M-300M,결과 발표 D-day 2026-08-11 · dir=unclassified · kw=primary endpoint,a_readout,0,0,0,1,0,0,1,0.0,collecting,0,quiet,,"[{""title"": ""$CCCC it.gonna be looooong winter."", ""link"": ""https://stocktwits.com/message/664169592"", ""kw"": []}]",[]
2026-09-14,CLYM,"Climb Bio, Inc.",300M-1B,결과 발표 D-day 2026-08-06 · dir=unclassified · kw=pivotal|topline,a_readout,0,0,0,0,0,0,1,0.0,collecting,0,quiet,,[],[]
2026-09-14,CMPX,"Compass Therapeutics, Inc.",300M-1B,결과 발표 D-day 2026-08-06 · dir=unclassified · kw=primary endpoint || 결과 발표 D-day 2026-07-02 · dir=unclassified · kw=pivotal|primary endpoint|topline,a_readout,0,0,0,1,0,0,1,1.0,1.0,0,quiet,,"[{""title"": ""$CMPX  assuming they have the minutes     I don&#39;t believe they can hold em m"", ""link"": ""https://stocktwits.com/message/664157585"", ""kw"": []}]",[]
2026-09-14,CNTB,Connect Biopharma Holdings Ltd,50M-300M,결과 발표 D-day 2026-08-13 · dir=unclassified · kw=primary endpoint|topline,a_readout,0,0,0,7,3,0,1,5.0,1.4,0,collecting,readout,"[{""title"": ""$CNTB must be released within few hours"", ""link"": ""https://stocktwits.com/message/664169523"", ""kw"": []}, {""title"": ""$CNTB Must of this is inaccurate.    1. There is an actual 2024 exposure-respons"", ""link"": ""https://stocktwits.com/message/664169427"", ""kw"": [""readout""]}, {""title"": ""$CNTB half life of Rademikibart is 25 days.  So the blood level of the dosage of"", ""link"": ""https://stocktwits.com/message/664167317"", ""kw"": []}]",[]
2026-09-14,COGT,"Cogent Biosciences, Inc.",1B-5B,결과 발표 D-day 2026-08-10 · dir=positive · kw=pivotal|primary endpoint,a_readout,0,0,0,0,0,0,2,0.0,collecting,0,quiet,,[],[]
2026-09-14,CRBP,"Corbus Pharmaceuticals Holdings, Inc.",50M-300M,결과 발표 D-day 2026-08-06 · dir=unclassified · kw=topline || 결과 발표 D-day 2026-07-06 · dir=unclassified · kw=pivotal|primary endpoint|topline,a_readout,0,0,0,27,4,0,2,14.0,1.93,0,collecting,readout,"[{""title"": ""$CRBP lol easy short"", ""link"": ""https://stocktwits.com/message/664175092"", ""kw"": []}, {""title"": ""$CRBP 😬"", ""link"": ""https://stocktwits.com/message/664175027"", ""kw"": []}, {""title"": ""$CRBP 📰"", ""link"": ""https://stocktwits.com/message/664174997"", ""kw"": []}]",[]
2026-09-14,CRBU,"Caribou Biosciences, Inc.",50M-300M,결과 발표 D-day 2026-08-14 · dir=unclassified · kw=pivotal,a_readout,0,0,0,0,0,0,2,0.0,collecting,0,quiet,,[],[]
2026-09-14,CRVS,"Corvus Pharmaceuticals, Inc.",1B-5B,결과 발표 D-day 2026-08-07 · dir=unclassified · kw=primary endpoint,a_readout,0,0,0,1,0,0,1,1.0,1.0,0,quiet,,"[{""title"": ""$CRVS I remember many saying Angel was dead, they were wrong.  Now many saying A"", ""link"": ""https://stocktwits.com/message/664145404"", ""kw"": []}]",[]
2026-09-14,CYPH,CYPHERPUNK TECHNOLOGIES INC.,50M-300M,결과 발표 D-day 2026-08-12 · dir=negative · kw=primary endpoint,a_readout,0,0,0,16,12,1,2,8.5,1.88,0,collecting,,"[{""title"": ""$GSUN $CYPH on scanner"", ""link"": ""https://stocktwits.com/message/664173687"", ""kw"": []}, {""title"": ""$PATH $ELF $RCAT $STXS $CYPH 🪐"", ""link"": ""https://stocktwits.com/message/664172491"", ""kw"": []}, {""title"": ""$PATH $CYPH $ELF $STXS $BTBT 😍"", ""link"": ""https://stocktwits.com/message/664171644"", ""kw"": []}]",[]
2026-09-14,DNTH,"Dianthus Therapeutics, Inc. /DE/",1B-5B,결과 발표 D-day 2026-08-05 · dir=unclassified · kw=pivotal|top-line,a_readout,0,0,0,0,0,0,1,0.0,collecting,0,quiet,,[],[]
2026-09-14,DYN,"Dyne Therapeutics, Inc.",1B-5B,결과 발표 D-day 2026-07-30 · dir=unclassified · kw=primary endpoint|topline,a_readout,0,0,0,0,0,0,1,0.0,collecting,0,quiet,,[],[]
2026-09-14,EDIT,"Editas Medicine, Inc.",50M-300M,결과 발표 D-day 2026-08-06 · dir=unclassified · kw=topline,a_readout,300,1,0,3,3,0,1,1.0,3.0,0,collecting,,"[{""title"": ""$COHN $EDIT $PEN $SHAK $CHE ;"", ""link"": ""https://stocktwits.com/message/664173046"", ""kw"": []}, {""title"": ""$EDIT Bounce off the 200 with $3.00 up next imo🚨🚨"", ""link"": ""https://stocktwits.com/message/664167873"", ""kw"": []}, {""title"": ""$EDIT could be making a real bottom reversal here. On watch.    Also watching pr"", ""link"": ""https://stocktwits.com/message/664162213"", ""kw"": []}]",[]
2026-09-14,ELDN,"Eledon Pharmaceuticals, Inc.",50M-300M,결과 발표 D-day 2026-08-14 · dir=positive · kw=primary endpoint,a_readout,0,0,0,0,0,0,2,0.0,collecting,0,quiet,,[],[]
2026-09-14,ELVN,"Enliven Therapeutics, Inc.",1B-5B,결과 발표 D-day 2026-08-06 · dir=unclassified · kw=topline,a_readout,0,0,0,0,0,0,1,0.0,collecting,0,quiet,,[],[]
2026-09-14,ENTA,ENANTA PHARMACEUTICALS INC,300M-1B,H6 최근 상위 3분위 테마 obesity_glp1 소속 (CT.gov 활동 근사 · 2016Q3) || H6 최근 상위 3분위 테마 control_nash 소속 (CT.gov 활동 근사 · 2017Q2) || H6 최근 상위 3분위 테마 control_nash 소속 (CT.gov 활동 근사 · 2017Q3) || H6 최근 상위 3분위 테마 control_nash 소속 (CT.gov 활동 근사 · 2018Q1) || H6 최근 상위 3분위 테,b_ctgov,0,0,0,0,0,0,2,0.0,collecting,0,quiet,,[],[]
2026-09-14,ENTX,Entera Bio Ltd.,300M-1B,결과 발표 D-day 2026-08-08 · dir=unclassified · kw=primary endpoint|topline,a_readout,0,0,0,0,0,0,1,0.0,collecting,4,quiet,readout,[],"[{""title"": ""$ENTX Entera is on the Cusp of the Trial That Could Unlock America's Osteoporosi"", ""link"": ""https://www.reddit.com/r/Biotechplays/comments/1w3fpoc/entx_entera_is_on_the_cusp_of_the_trial_that/"", ""sub"": ""biotechplays"", ""kw"": []}, {""title"": ""$ENTX - Entera Appoints Global Pharmaceutical Leader Riccardo Paolo Camisasca, M"", ""link"": ""https://www.reddit.com/r/Biotechplays/comments/1vroqfg/entx_entera_appoints_global_pharmaceutical_leader/"", ""sub"": ""biotechplays"", ""kw"": [""readout""]}, {""title"": ""$ENTX The Multi-Billion Dollar Market Access Bet Biotech's Top Funds Just Made"", ""link"": ""https://www.reddit.com/r/Biotechplays/comments/1vknma6/entx_the_multibillion_dollar_market_access_bet/"", ""sub"": ""biotechplays"", ""kw"": []}]"
2026-09-14,EWTX,"Edgewise Therapeutics, Inc.",1B-5B,결과 발표 D-day 2026-08-06 · dir=unclassified · kw=top-line || 결과 발표 D-day 2026-07-13 · dir=positive · kw=pivotal|top-line|topline,a_readout,0,0,0,0,0,0,1,0.0,collecting,0,quiet,,[],[]
2026-09-14,FATE,FATE THERAPEUTICS INC,50M-300M,결과 발표 D-day 2026-08-13 · dir=unclassified · kw=pivotal|primary endpoint,a_readout,0,0,0,2,2,0,2,1.0,2.0,0,quiet,,"[{""title"": ""$FATE   What is your opinion? If a takeover were to happen, how much could it be"", ""link"": ""https://stocktwits.com/message/664147713"", ""kw"": [""buyout""]}, {""title"": ""$FATE Potential buyer  Strategic fit  My view  Bristol Myers Squibb  ⭐⭐⭐⭐⭐  Very"", ""link"": ""https://stocktwits.com/message/664144619"", ""kw"": []}]",[]
2026-09-14,FDMT,"4D Molecular Therapeutics, Inc.",300M-1B,결과 발표 D-day 2026-08-14 · dir=unclassified · kw=phase 3 topline|topline,a_readout,0,0,0,0,0,0,1,0.0,collecting,0,quiet,,[],[]
2026-09-14,FTH,"Faeth Therapeutics, Inc.",1B-5B,결과 발표 D-day 2026-08-04 · dir=unclassified · kw=topline,a_readout,0,0,0,1,1,0,1,0.0,collecting,0,quiet,,"[{""title"": ""$COOK $INTG $FTH $GIBO $QNCX w"", ""link"": ""https://stocktwits.com/message/664173245"", ""kw"": []}]",[]
2026-09-14,FULC,"Fulcrum Therapeutics, Inc.",50M-300M,결과 발표 D-day 2026-08-17 · dir=positive · kw=pivotal|topline,a_readout,0,0,0,0,0,0,1,0.0,collecting,0,quiet,,[],[]
2026-09-14,GERN,GERON CORP,300M-1B,결과 발표 D-day 2026-08-06 · dir=unclassified · kw=pivotal,a_readout,0,0,0,1,0,0,2,1.0,1.0,0,quiet,,"[{""title"": ""$GERN setting the weekly higher low. daily EQ tried to break bull but got bonked"", ""link"": ""https://stocktwits.com/message/664144975"", ""kw"": []}]",[]
2026-09-14,GYRE,"GYRE THERAPEUTICS, INC.",50M-300M,결과 발표 D-day 2026-09-01 · dir=unclassified · kw=phase 3 results|pivotal|primary endpoint || 결과 발표 D-day 2026-08-26 · dir=positive · kw=phase 3 results|pivotal|primary endpoint || 결과 발표 D-day 2026-08-07 · dir=positive · kw=pivotal || 결과 발표 D-day 2026-0,a_readout,0,0,0,0,0,0,2,0.0,collecting,0,quiet,,[],[]
2026-09-14,IMCR,Immunocore Holdings plc,1B-5B,결과 발표 D-day 2026-08-06 · dir=unclassified · kw=primary endpoint|topline,a_readout,0,0,0,0,0,0,1,0.0,collecting,0,quiet,,[],[]
2026-09-14,IMNM,Immunome Inc.,300M-1B,결과 발표 D-day 2026-08-12 · dir=positive · kw=primary endpoint,a_readout,0,0,0,0,0,0,2,0.0,collecting,0,quiet,,[],[]
2026-09-14,IMUX,"IMMUNIC, INC.",300M-1B,결과 발표 D-day 2026-08-11 · dir=unclassified · kw=pivotal|primary endpoint|top-line,a_readout,0,0,0,2,2,0,2,0.0,collecting,0,quiet,,"[{""title"": ""$MDRR $SVRN $FUBO $IMUX $AKTX p"", ""link"": ""https://stocktwits.com/message/664173302"", ""kw"": []}, {""title"": ""$AKTX $IMUX $SVRN play÷"", ""link"": ""https://stocktwits.com/message/664169486"", ""kw"": []}]",[]
2026-09-14,IMVT,"Immunovant, Inc.",1B-5B,결과 발표 D-day 2026-08-06 · dir=unclassified · kw=topline,a_readout,0,0,0,0,0,0,1,0.0,collecting,0,quiet,,[],[]
2026-09-14,INBX,"Inhibrx Biosciences, Inc.",1B-5B,결과 발표 D-day 2026-08-14 · dir=unclassified · kw=topline || 결과 발표 D-day 2026-06-16 · dir=positive · kw=primary endpoint|topline,a_readout,0,0,0,1,0,0,1,1.0,1.0,0,quiet,,"[{""title"": ""$INBX would love to see INBRX-106 get FDA BTD in metastatic HPV+ HNSCC."", ""link"": ""https://stocktwits.com/message/664166109"", ""kw"": []}]",[]
2026-09-14,IOVA,"IOVANCE BIOTHERAPEUTICS, INC.",1B-5B,결과 발표 D-day 2026-08-07 · dir=unclassified · kw=pivotal || 결과 발표 D-day 2026-08-06 · dir=unclassified · kw=pivotal || 결과 발표 D-day 2026-07-03 · dir=unclassified · kw=pivotal,a_readout,0,0,0,58,33,1,2,45.0,1.29,0,collecting,,"[{""title"": ""$IOVA DON&#39;T BE SHEEP.  You know before you do stupid things you should reall"", ""link"": ""https://stocktwits.com/message/664174901"", ""kw"": []}, {""title"": ""$IOVA profit taking continues"", ""link"": ""https://stocktwits.com/message/664174474"", ""kw"": []}, {""title"": ""$IOVA why do people see a congress member mentioning IOVA as bullish? What are y"", ""link"": ""https://stocktwits.com/message/664174354"", ""kw"": []}]",[]
2026-09-14,IVVD,"Invivyd, Inc.",50M-300M,결과 발표 D-day 2026-09-01 · dir=unclassified · kw=top-line || 결과 발표 D-day 2026-08-14 · dir=unclassified · kw=pivotal|top-line || 결과 발표 D-day 2026-07-06 · dir=unclassified · kw=pivotal,a_readout,0,0,0,3,2,0,1,2.0,1.5,0,collecting,,"[{""title"": ""$IVVD"", ""link"": ""https://stocktwits.com/message/664168178"", ""kw"": []}, {""title"": ""$IVVD Positive data could easily change things overnight once released, and off "", ""link"": ""https://stocktwits.com/message/664162765"", ""kw"": [""readout""]}, {""title"": ""$IVVD can’t say for sure but it looks like if this can break .84.    $1.05 would"", ""link"": ""https://stocktwits.com/message/664162651"", ""kw"": []}]",[]
2026-09-14,KOD,Kodiak Sciences Inc.,1B-5B,결과 발표 D-day 2026-08-14 · dir=unclassified · kw=phase 3 topline|pivotal|primary endpoint,a_readout,0,0,0,2,2,0,2,1.5,1.33,0,quiet,,"[{""title"": ""$BBIO $KOD $ULTA $CME $UFI ::"", ""link"": ""https://stocktwits.com/message/664172801"", ""kw"": []}, {""title"": ""$KOD If both Zenkuda and KSI-501 deliver excellent DAYBREAK results, I think the"", ""link"": ""https://stocktwits.com/message/664150329"", ""kw"": [""readout""]}]",[]
2026-09-14,KROS,"Keros Therapeutics, Inc.",50M-300M,결과 발표 D-day 2026-08-04 · dir=unclassified · kw=primary endpoint,a_readout,0,0,0,0,0,0,1,0.0,collecting,0,quiet,,[],[]
2026-09-14,KURA,"Kura Oncology, Inc.",1B-5B,결과 발표 D-day 2026-08-13 · dir=unclassified · kw=pivotal|topline,a_readout,0,0,0,2,1,0,2,1.0,2.0,0,quiet,,"[{""title"": ""$SNDX Sorry to go on a long diatribe-and many here won&#39;t understand where I&"", ""link"": ""https://stocktwits.com/message/664166724"", ""kw"": [""buyout""]}, {""title"": ""$KURA Chart pattern and Technical analysis time! (YAY!) We have a megaphone char"", ""link"": ""https://stocktwits.com/message/664155819"", ""kw"": []}]",[]
2026-09-14,LONA,"LeonaBio, Inc.",50M-300M,결과 발표 D-day 2026-08-15 · dir=positive · kw=primary endpoint|topline,a_readout,0,0,0,0,0,0,2,0.0,collecting,0,quiet,,[],[]
2026-09-14,MBX,"MBX Biosciences, Inc.",50M-300M,결과 발표 D-day 2026-08-27 · dir=unclassified · kw=pivotal|primary endpoint || 결과 발표 D-day 2026-08-06 · dir=unclassified · kw=phase 2 results|pivotal|primary endpoint,a_readout,0,0,0,0,0,0,1,0.0,collecting,0,quiet,,[],[]
2026-09-14,MCRB,"Seres Therapeutics, Inc.",50M-300M,결과 발표 D-day 2026-08-05 · dir=unclassified · kw=topline || 결과 발표 D-day 2026-07-08 · dir=positive · kw=pivotal|primary endpoint|top-line|toplin,a_readout,0,0,0,0,0,0,2,0.0,collecting,0,quiet,,[],[]
2026-09-14,MGTX,MeiraGTx Holdings plc,1B-5B,결과 발표 D-day 2026-08-13 · dir=positive · kw=pivotal,a_readout,0,0,0,0,0,0,1,0.0,collecting,0,quiet,,[],[]
2026-09-14,MLTX,MoonLake Immunotherapeutics,1B-5B,결과 발표 D-day 2026-08-10 · dir=positive · kw=primary endpoint|topline || 결과 발표 D-day 2026-06-22 · dir=mixed · kw=pivotal|primary endpoint|top-line,a_readout,0,0,0,27,18,0,1,24.0,1.12,0,collecting,,"[{""title"": ""$MLTX $ARRY $PINS $CMCSA $CBUS 🐴"", ""link"": ""https://stocktwits.com/message/664172666"", ""kw"": []}, {""title"": ""$MLTX If it goes back to $6-7 it will be a great buying opportunity.👍👍👍👍"", ""link"": ""https://stocktwits.com/message/664172665"", ""kw"": []}, {""title"": ""$MLTX no one talks about combination therapy, with nanotechnology, along with bi"", ""link"": ""https://stocktwits.com/message/664171767"", ""kw"": []}]",[]
2026-09-14,MNPR,Monopar Therapeutics,300M-1B,결과 발표 D-day 2026-08-13 · dir=positive · kw=pivotal|primary endpoint || 결과 발표 D-day 2026-07-22 · dir=positive · kw=pivotal|primary endpoint || 결과 발표 D-day 2026-06-30 · dir=positive · kw=pivotal|primary endpoint || 결과 발표 D-day 2026-06-27 · dir=positive,a_readout,0,0,0,0,0,0,1,0.0,collecting,0,quiet,,[],[]
