cik,institution
0001392402,RA Capital
0001315082,RA Capital
0001346824,RA Capital
0001780117,RA Capital
0001825376,RA Capital
0001883840,RA Capital
0002053586,RA Capital
0001580575,Baker Bros
0001263508,Baker Bros
0001551136,Baker Bros
0001551132,Baker Bros
0001224962,Perceptive
0001249675,Perceptive
0001877081,Perceptive
0001877078,Perceptive
0001856083,Deep Track
0002015536,Deep Track
0002077950,Deep Track
0000886687,Farallon
0001501082,Farallon
0001408691,Farallon
0001175707,Farallon
0000909661,Farallon
0001643740,Farallon
0001663816,Farallon
0001245629,Farallon
0001245631,Farallon
0001245628,Farallon
0001040153,Farallon
0001340990,Farallon
0001663815,Farallon
0001871851,Farallon
0001595781,Farallon
0001643741,Farallon
0001871850,Farallon
0001595783,Farallon
0001584212,Farallon
0001055951,OrbiMed
0001920649,OrbiMed
0002087033,OrbiMed
0001682115,OrbiMed
0001845804,OrbiMed
0001808744,OrbiMed
0002041179,OrbiMed
0001936776,OrbiMed
0001920984,OrbiMed
0001432241,OrbiMed
0001281668,OrbiMed
0001157524,OrbiMed
0001502240,OrbiMed
0001760648,OrbiMed
0001425738,Redmile
0001407247,Redmile
0001657545,Redmile
0001513079,Redmile
