year,quarter,theme,growth_pm,growth_ct,z_growth_pm,z_growth_ct,score_60pm_40ct,rank,tercile
2016,1,longevity_rejuvenation,0.1942,0.0833,1.241,0.018,0.752,1,top
2016,1,obesity_glp1,0.1503,0.1486,0.55,0.229,0.422,2,top
2016,1,meal_replacement_metabolic,0.1181,0.1203,0.044,0.137,0.081,3,mid
2016,1,hair_loss,0.0885,0.2857,-0.422,0.672,0.015,4,mid
2016,1,cognitive_memory,0.148,-0.5714,0.513,-2.096,-0.531,5,bot
2016,1,hibernation_hypothermia,-0.0072,0.4,-1.927,1.041,-0.74,6,bot
2016,2,hibernation_hypothermia,0.2417,0.5,0.792,1.178,0.947,1,top
2016,2,hair_loss,0.3663,0.2,1.592,-0.502,0.755,2,top
2016,2,longevity_rejuvenation,0.0392,0.4286,-0.508,0.778,0.007,3,mid
2016,2,meal_replacement_metabolic,0.1525,0.0,0.22,-1.623,-0.517,4,mid
2016,2,cognitive_memory,-0.1085,0.4375,-1.456,0.828,-0.542,5,bot
2016,2,obesity_glp1,0.0183,0.1719,-0.642,-0.66,-0.649,6,bot
2016,3,longevity_rejuvenation,0.1056,0.1923,1.316,0.412,0.954,1,top
2016,3,meal_replacement_metabolic,0.0682,0.2146,0.807,0.619,0.732,2,top
2016,3,obesity_glp1,-0.0274,0.2605,-0.492,1.048,0.124,3,mid
2016,3,hair_loss,0.063,-0.04,0.736,-1.757,-0.261,4,mid
2016,3,hibernation_hypothermia,-0.088,0.2143,-1.316,0.617,-0.543,5,bot
2016,3,cognitive_memory,-0.0684,0.0476,-1.05,-0.939,-1.006,6,bot
2016,4,meal_replacement_metabolic,0.2059,0.1321,0.91,0.712,0.831,1,top
2016,4,cognitive_memory,0.1934,0.0588,0.778,0.427,0.638,2,top
2016,4,obesity_glp1,0.1096,0.1984,-0.107,0.971,0.324,3,mid
2016,4,hair_loss,0.2136,-0.5,0.992,-1.749,-0.104,4,mid
2016,4,longevity_rejuvenation,-0.0362,0.1053,-1.647,0.608,-0.745,5,bot
2016,4,hibernation_hypothermia,0.032,-0.3,-0.927,-0.97,-0.944,6,bot
2017,1,longevity_rejuvenation,0.0181,0.6154,0.399,0.99,0.635,1,top
2017,1,hibernation_hypothermia,0.0362,-0.1429,0.854,-0.984,0.119,2,top
2017,1,meal_replacement_metabolic,0.0141,0.1111,0.299,-0.323,0.05,3,mid
2017,1,hair_loss,0.0244,-0.1111,0.557,-0.901,-0.026,4,mid
2017,1,obesity_glp1,0.0046,0.049,0.061,-0.485,-0.157,5,bot
2017,1,cognitive_memory,-0.0844,0.8889,-2.17,1.703,-0.621,6,bot
2017,2,cognitive_memory,0.0635,0.087,0.841,-0.115,0.459,1,top
2017,2,meal_replacement_metabolic,0.0735,0.0,1.055,-0.478,0.442,2,top
2017,2,hair_loss,0.0217,0.1667,-0.049,0.218,0.058,3,mid
2017,2,longevity_rejuvenation,0.0471,-0.1667,0.492,-1.173,-0.174,4,mid
2017,2,hibernation_hypothermia,-0.0671,0.6,-1.943,2.026,-0.355,5,bot
2017,2,obesity_glp1,0.0054,0.0,-0.397,-0.478,-0.429,6,bot
2017,3,meal_replacement_metabolic,0.156,0.0,1.586,0.292,1.068,1,top
2017,3,longevity_rejuvenation,0.0555,0.2903,0.128,1.386,0.631,2,top
2017,3,obesity_glp1,0.0708,0.0,0.35,0.292,0.327,3,mid
2017,3,cognitive_memory,0.0395,0.0,-0.103,0.292,0.055,4,mid
2017,3,hair_loss,0.037,-0.1667,-0.139,-0.336,-0.218,5,bot
2017,3,hibernation_hypothermia,-0.0789,-0.5882,-1.821,-1.926,-1.863,6,bot
2017,4,hair_loss,0.248,0.5714,1.486,1.055,1.314,1,top
2017,4,longevity_rejuvenation,0.2186,0.0952,1.261,-0.585,0.522,2,top
2017,4,hibernation_hypothermia,-0.0388,0.7143,-0.71,1.547,0.193,3,mid
2017,4,cognitive_memory,-0.0926,0.2778,-1.122,0.043,-0.656,4,mid
2017,4,obesity_glp1,0.0068,-0.0676,-0.361,-1.146,-0.675,5,bot
2017,4,meal_replacement_metabolic,-0.0183,0.0,-0.553,-0.914,-0.697,6,bot
2018,1,hair_loss,0.119,0.5625,0.663,1.405,0.96,1,top
2018,1,meal_replacement_metabolic,0.2292,0.0,1.391,-0.362,0.689,2,top
2018,1,longevity_rejuvenation,0.0562,0.4286,0.248,0.984,0.543,3,mid
2018,1,obesity_glp1,0.0321,0.0,0.089,-0.362,-0.092,4,mid
2018,1,cognitive_memory,-0.0728,0.1176,-0.604,0.007,-0.36,5,bot
2018,1,hibernation_hypothermia,-0.2517,-0.4167,-1.786,-1.672,-1.741,6,bot
2018,2,meal_replacement_metabolic,0.1781,0.0,1.527,-0.158,0.853,1,top
2018,2,longevity_rejuvenation,0.096,0.12,0.743,0.209,0.529,2,top
2018,2,hair_loss,-0.0496,0.5714,-0.646,1.587,0.247,3,mid
2018,2,obesity_glp1,0.0401,0.0,0.21,-0.158,0.063,4,mid
2018,2,cognitive_memory,-0.005,0.16,-0.22,0.331,0.0,5,bot
2018,2,hibernation_hypothermia,-0.1511,-0.5417,-1.614,-1.811,-1.693,6,bot
2018,3,hibernation_hypothermia,0.2286,0.5714,1.736,1.255,1.544,1,top
2018,3,hair_loss,0.0857,0.55,-0.044,1.174,0.443,2,top
2018,3,meal_replacement_metabolic,0.1595,0.0,0.875,-0.903,0.164,3,mid
2018,3,cognitive_memory,0.0217,0.3636,-0.841,0.47,-0.317,4,mid
2018,3,obesity_glp1,0.0283,0.0,-0.759,-0.903,-0.817,5,bot
2018,3,longevity_rejuvenation,0.0117,-0.05,-0.967,-1.092,-1.017,6,bot
2018,4,meal_replacement_metabolic,0.1366,0.0,1.624,0.177,1.045,1,top
2018,4,longevity_rejuvenation,0.0375,0.3043,0.302,1.375,0.731,2,top
2018,4,obesity_glp1,-0.0002,0.0688,-0.2,0.448,0.059,3,mid
2018,4,cognitive_memory,0.0612,-0.5217,0.619,-1.877,-0.379,4,mid
2018,4,hair_loss,-0.0897,0.0455,-1.394,0.356,-0.694,5,bot
2018,4,hibernation_hypothermia,-0.0565,-0.1667,-0.95,-0.479,-0.762,6,bot
2019,1,hibernation_hypothermia,0.0935,0.7143,-0.005,1.995,0.795,1,top
2019,1,meal_replacement_metabolic,0.2203,0.0,1.635,-0.709,0.698,2,top
2019,1,longevity_rejuvenation,0.1261,0.1333,0.417,-0.204,0.168,3,mid
2019,1,hair_loss,0.0922,-0.04,-0.021,-0.86,-0.357,4,mid
2019,1,obesity_glp1,0.0727,0.0,-0.272,-0.709,-0.447,5,bot
2019,1,cognitive_memory,-0.0419,0.3158,-1.754,0.486,-0.858,6,bot
2019,2,meal_replacement_metabolic,0.1919,0.0,1.783,-0.096,1.031,1,top
2019,2,longevity_rejuvenation,0.0109,0.2143,-0.21,0.954,0.255,2,top
2019,2,obesity_glp1,0.0446,0.0,0.16,-0.096,0.057,3,mid
2019,2,hibernation_hypothermia,-0.0169,0.0909,-0.517,0.349,-0.171,4,mid
2019,2,cognitive_memory,-0.11,0.2069,-1.542,0.917,-0.558,5,bot
2019,2,hair_loss,0.0597,-0.3939,0.327,-2.027,-0.615,6,bot
2019,3,longevity_rejuvenation,0.1544,0.0263,1.345,0.431,0.979,1,top
2019,3,obesity_glp1,0.0643,0.0,0.654,0.119,0.44,2,top
2019,3,cognitive_memory,-0.1223,0.1333,-0.776,1.698,0.214,3,mid
2019,3,meal_replacement_metabolic,0.0053,0.0,0.202,0.119,0.169,4,mid
2019,3,hair_loss,0.0197,-0.129,0.313,-1.409,-0.376,5,bot
2019,3,hibernation_hypothermia,-0.2481,-0.0909,-1.739,-0.958,-1.426,6,bot
2019,4,hair_loss,0.2887,0.0435,1.791,-0.537,0.859,1,top
2019,4,longevity_rejuvenation,0.1535,0.2667,0.79,-0.004,0.473,2,top
2019,4,cognitive_memory,-0.0817,1.1818,-0.95,2.186,0.304,3,mid
2019,4,obesity_glp1,0.0324,0.0169,-0.106,-0.601,-0.304,4,mid
2019,4,meal_replacement_metabolic,-0.0273,0.0,-0.547,-0.641,-0.585,5,bot
2019,4,hibernation_hypothermia,-0.0855,0.1,-0.978,-0.402,-0.747,6,bot
2020,1,hibernation_hypothermia,0.0256,0.1667,0.931,0.793,0.876,1,top
2020,1,longevity_rejuvenation,0.0087,0.1765,0.574,0.875,0.695,2,top
2020,1,obesity_glp1,0.0453,0.0,1.346,-0.602,0.567,3,mid
2020,1,hair_loss,-0.0779,0.2083,-1.25,1.142,-0.293,4,mid
2020,1,meal_replacement_metabolic,-0.0694,0.0,-1.072,-0.602,-0.884,5,bot
2020,1,cognitive_memory,-0.0437,-0.12,-0.53,-1.606,-0.96,6,bot
2020,2,hair_loss,0.5,0.75,1.91,2.014,1.952,1,top
2020,2,longevity_rejuvenation,0.249,-0.0294,0.284,-0.074,0.14,2,top
2020,2,meal_replacement_metabolic,0.2244,0.0,0.124,0.005,0.076,3,mid
2020,2,obesity_glp1,0.1288,0.0,-0.495,0.005,-0.295,4,mid
2020,2,cognitive_memory,0.1292,-0.3143,-0.493,-0.837,-0.631,5,bot
2020,2,hibernation_hypothermia,0.0,-0.4167,-1.33,-1.112,-1.243,6,bot
2020,3,hair_loss,0.5484,0.037,1.992,0.765,1.501,1,top
2020,3,meal_replacement_metabolic,0.3632,0.0,0.402,0.483,0.434,2,top
2020,3,obesity_glp1,0.299,-0.04,-0.149,0.179,-0.018,3,mid
2020,3,hibernation_hypothermia,0.268,0.0,-0.415,0.483,-0.056,4,mid
2020,3,longevity_rejuvenation,0.2137,-0.0256,-0.882,0.288,-0.414,5,bot
2020,3,cognitive_memory,0.2061,-0.3529,-0.948,-2.198,-1.448,6,bot
2020,4,meal_replacement_metabolic,0.2978,0.0,1.558,0.447,1.113,1,top
2020,4,obesity_glp1,0.2322,0.0,0.991,0.447,0.773,2,top
2020,4,hair_loss,0.0874,0.0,-0.262,0.447,0.022,3,mid
2020,4,hibernation_hypothermia,0.0841,0.0,-0.291,0.447,0.005,4,mid
2020,4,cognitive_memory,-0.0524,0.0,-1.471,0.447,-0.704,5,bot
2020,4,longevity_rejuvenation,0.057,-0.1579,-0.525,-2.236,-1.209,6,bot
2021,1,hibernation_hypothermia,0.3333,0.2143,1.4,1.105,1.282,1,top
2021,1,cognitive_memory,0.28,0.2727,0.229,1.554,0.759,2,top
2021,1,meal_replacement_metabolic,0.2736,0.0,0.09,-0.539,-0.162,3,mid
2021,1,longevity_rejuvenation,0.2935,-0.1,0.525,-1.307,-0.208,4,mid
2021,1,hair_loss,0.2535,0.0345,-0.351,-0.274,-0.321,5,bot
2021,1,obesity_glp1,0.1833,0.0,-1.892,-0.539,-1.351,6,bot
2021,2,hibernation_hypothermia,0.1466,1.1429,1.134,2.215,1.567,1,top
2021,2,obesity_glp1,0.1179,0.0,0.821,-0.347,0.353,2,top
2021,2,longevity_rejuvenation,0.0921,0.0,0.537,-0.347,0.183,3,mid
2021,2,meal_replacement_metabolic,0.0438,0.0,0.008,-0.347,-0.134,4,mid
2021,2,cognitive_memory,-0.0199,-0.0417,-0.69,-0.441,-0.59,5,bot
2021,2,hair_loss,-0.1221,-0.1714,-1.81,-0.732,-1.379,6,bot
2021,3,hibernation_hypothermia,0.2195,0.4,1.467,1.583,1.513,1,top
2021,3,cognitive_memory,0.1005,0.2273,0.469,0.837,0.617,2,top
2021,3,longevity_rejuvenation,0.0978,-0.1842,0.447,-0.938,-0.107,3,mid
2021,3,obesity_glp1,0.0162,0.0417,-0.237,0.037,-0.128,4,mid
2021,3,meal_replacement_metabolic,0.0039,0.0,-0.341,-0.143,-0.262,5,bot
2021,3,hair_loss,-0.1708,-0.2857,-1.805,-1.376,-1.633,6,bot
2021,4,cognitive_memory,0.2376,0.4583,1.472,1.982,1.676,1,top
2021,4,meal_replacement_metabolic,0.1991,0.0,1.107,-0.684,0.39,2,top
2021,4,hibernation_hypothermia,0.069,0.1818,-0.128,0.373,0.072,3,mid
2021,4,longevity_rejuvenation,0.0614,0.0625,-0.2,-0.321,-0.249,4,mid
2021,4,hair_loss,-0.0251,0.0833,-1.021,-0.2,-0.692,5,bot
2021,4,obesity_glp1,-0.047,-0.08,-1.229,-1.15,-1.197,6,bot
2022,1,longevity_rejuvenation,0.0029,0.4722,0.19,2.042,0.93,1,top
2022,1,hair_loss,0.2978,-0.0667,1.816,-0.706,0.807,2,top
2022,1,meal_replacement_metabolic,0.0156,0.0,0.26,-0.366,0.01,3,mid
2022,1,obesity_glp1,-0.0293,0.0,0.012,-0.366,-0.139,4,mid
2022,1,cognitive_memory,-0.2321,0.1429,-1.107,0.362,-0.519,5,bot
2022,1,hibernation_hypothermia,-0.2437,-0.1176,-1.171,-0.966,-1.089,6,bot
2022,2,hair_loss,0.2086,0.4828,1.806,1.822,1.812,1,top
2022,2,longevity_rejuvenation,0.0506,0.2121,0.197,0.243,0.215,2,top
2022,2,meal_replacement_metabolic,0.0878,0.0,0.576,-0.994,-0.052,3,mid
2022,2,cognitive_memory,-0.0761,0.2609,-1.094,0.528,-0.445,4,mid
2022,2,obesity_glp1,-0.023,0.0,-0.552,-0.994,-0.729,5,bot
2022,2,hibernation_hypothermia,-0.0602,0.0667,-0.931,-0.605,-0.801,6,bot
2022,3,hair_loss,0.0905,0.55,1.093,1.196,1.134,1,top
2022,3,longevity_rejuvenation,0.0647,0.6129,0.849,1.383,1.063,2,top
2022,3,meal_replacement_metabolic,0.0423,0.0,0.637,-0.435,0.208,3,mid
2022,3,obesity_glp1,-0.0262,0.0,-0.012,-0.435,-0.181,4,mid
2022,3,cognitive_memory,-0.1142,0.0741,-0.845,-0.215,-0.593,5,bot
2022,3,hibernation_hypothermia,-0.2067,-0.3571,-1.722,-1.494,-1.631,6,bot
2022,4,hair_loss,0.1134,0.3846,1.171,1.602,1.344,1,top
2022,4,longevity_rejuvenation,0.0728,0.0294,0.773,0.248,0.563,2,top
2022,4,obesity_glp1,0.0781,-0.0362,0.825,-0.003,0.494,3,mid
2022,4,meal_replacement_metabolic,-0.0614,0.0,-0.544,0.136,-0.272,4,mid
2022,4,hibernation_hypothermia,-0.0645,-0.0769,-0.575,-0.158,-0.408,5,bot
2022,4,cognitive_memory,-0.1741,-0.5143,-1.65,-1.825,-1.72,6,bot
2023,1,meal_replacement_metabolic,0.1885,0.0,0.858,-0.009,0.511,1,top
2023,1,hibernation_hypothermia,0.1074,0.2667,-0.111,1.117,0.38,2,top
2023,1,cognitive_memory,0.25,-0.4688,1.595,-1.987,0.162,3,mid
2023,1,longevity_rejuvenation,0.1103,0.0,-0.078,-0.009,-0.05,4,mid
2023,1,hair_loss,0.0,0.2143,-1.397,0.896,-0.48,5,bot
2023,1,obesity_glp1,0.0443,0.0,-0.867,-0.009,-0.523,6,bot
2023,2,longevity_rejuvenation,0.084,0.325,0.726,1.278,0.947,1,top
2023,2,hibernation_hypothermia,0.088,0.125,0.785,0.428,0.642,2,top
2023,2,cognitive_memory,0.033,0.1379,-0.036,0.483,0.171,3,mid
2023,2,hair_loss,0.1106,-0.4419,1.123,-1.982,-0.119,4,mid
2023,2,obesity_glp1,-0.0296,0.0,-0.97,-0.104,-0.624,5,bot
2023,2,meal_replacement_metabolic,-0.0737,0.0,-1.628,-0.104,-1.018,6,bot
2023,3,hair_loss,0.106,0.3548,1.931,0.802,1.479,1,top
2023,3,cognitive_memory,-0.0464,0.4828,-0.61,1.362,0.179,2,top
2023,3,hibernation_hypothermia,-0.0252,0.3333,-0.257,0.708,0.129,3,mid
2023,3,longevity_rejuvenation,0.0238,-0.14,0.56,-1.366,-0.21,4,mid
2023,3,obesity_glp1,-0.0394,0.0,-0.495,-0.753,-0.598,5,bot
2023,3,meal_replacement_metabolic,-0.0775,0.0,-1.129,-0.753,-0.979,6,bot
2023,4,meal_replacement_metabolic,0.1077,0.0,1.141,-0.361,0.541,1,top
2023,4,hair_loss,0.0787,0.0278,0.785,-0.294,0.353,2,top
2023,4,longevity_rejuvenation,0.1004,-0.1429,1.051,-0.702,0.35,3,mid
2023,4,cognitive_memory,-0.0757,1.0588,-1.115,2.171,0.199,4,mid
2023,4,obesity_glp1,-0.061,0.1278,-0.935,-0.055,-0.583,5,bot
2023,4,hibernation_hypothermia,-0.0603,-0.1667,-0.927,-0.759,-0.86,6,bot
2024,1,hair_loss,0.0606,0.0588,0.937,-0.396,0.404,1,top
2024,1,longevity_rejuvenation,0.0865,-0.2642,1.308,-1.102,0.344,2,top
2024,1,meal_replacement_metabolic,0.0194,0.0,0.347,-0.524,-0.002,3,mid
2024,1,hibernation_hypothermia,-0.0522,0.5263,-0.68,0.627,-0.157,4,mid
2024,1,cognitive_memory,-0.1209,1.1176,-1.664,1.92,-0.23,5,bot
2024,1,obesity_glp1,-0.0222,0.0,-0.249,-0.524,-0.359,6,bot
2024,2,meal_replacement_metabolic,0.375,0.0,1.866,-0.389,0.964,1,top
2024,2,cognitive_memory,0.133,0.3939,0.177,1.599,0.746,2,top
2024,2,hair_loss,0.0837,0.2917,-0.167,1.083,0.333,3,mid
2024,2,longevity_rejuvenation,0.1254,-0.0566,0.125,-0.674,-0.195,4,mid
2024,2,obesity_glp1,0.0312,0.0,-0.533,-0.389,-0.475,5,bot
2024,2,hibernation_hypothermia,-0.1029,-0.1667,-1.469,-1.23,-1.373,6,bot
2024,3,longevity_rejuvenation,0.3046,0.2326,0.333,1.63,0.852,1,top
2024,3,meal_replacement_metabolic,0.552,0.0,1.659,-0.712,0.711,2,top
2024,3,hibernation_hypothermia,0.3276,0.1667,0.456,0.967,0.66,3,mid
2024,3,hair_loss,0.2167,0.0714,-0.138,0.007,-0.08,4,mid
2024,3,obesity_glp1,0.0918,0.0,-0.808,-0.712,-0.769,5,bot
2024,3,cognitive_memory,-0.0378,-0.0465,-1.502,-1.18,-1.374,6,bot
2024,4,meal_replacement_metabolic,0.4965,0.0,1.816,-0.62,0.842,1,top
2024,4,longevity_rejuvenation,0.1782,1.2333,-0.037,1.744,0.676,2,top
2024,4,hibernation_hypothermia,0.1376,0.6,-0.273,0.53,0.048,3,mid
2024,4,hair_loss,0.2618,-0.3784,0.45,-1.345,-0.268,4,mid
2024,4,obesity_glp1,0.103,0.0,-0.474,-0.62,-0.533,5,bot
2024,4,cognitive_memory,-0.0702,0.4857,-1.482,0.311,-0.765,6,bot
2025,1,meal_replacement_metabolic,0.7841,0.0,2.071,-0.356,1.1,1,top
2025,1,cognitive_memory,0.2275,0.9722,-0.195,1.812,0.608,2,top
2025,1,longevity_rejuvenation,0.2254,0.4615,-0.203,0.673,0.147,3,mid
2025,1,hair_loss,0.2571,-0.0278,-0.074,-0.418,-0.211,4,mid
2025,1,obesity_glp1,0.1814,0.0,-0.382,-0.356,-0.372,5,bot
2025,1,hibernation_hypothermia,-0.0236,-0.4483,-1.217,-1.355,-1.272,6,bot
2025,2,meal_replacement_metabolic,0.6446,0.0,1.839,-1.063,0.678,1,top
2025,2,hair_loss,0.2022,0.6452,0.135,1.354,0.623,2,top
2025,2,longevity_rejuvenation,0.2291,0.16,0.239,-0.463,-0.042,3,mid
2025,2,cognitive_memory,-0.1362,0.6304,-1.168,1.299,-0.181,4,mid
2025,2,obesity_glp1,0.1775,0.0,0.04,-1.063,-0.401,5,bot
2025,2,hibernation_hypothermia,-0.1148,0.2667,-1.085,-0.064,-0.677,6,bot
2025,3,meal_replacement_metabolic,0.9098,0.0,2.149,-0.722,1.001,1,top
2025,3,cognitive_memory,0.2247,1.1707,-0.261,2.061,0.668,2,top
2025,3,longevity_rejuvenation,0.2282,0.2453,-0.249,-0.139,-0.205,3,mid
2025,3,hair_loss,0.226,-0.0222,-0.257,-0.775,-0.464,4,mid
2025,3,hibernation_hypothermia,0.0065,0.4286,-1.029,0.297,-0.499,5,bot
2025,3,obesity_glp1,0.1987,0.0,-0.353,-0.722,-0.501,6,bot
2025,4,meal_replacement_metabolic,0.7633,0.0,1.897,-0.386,0.984,1,top
2025,4,cognitive_memory,0.434,0.3462,0.399,0.851,0.58,2,top
2025,4,hair_loss,0.1224,0.6087,-1.018,1.789,0.105,3,mid
2025,4,longevity_rejuvenation,0.3921,-0.1194,0.209,-0.813,-0.2,4,mid
2025,4,obesity_glp1,0.2206,0.0,-0.572,-0.386,-0.497,5,bot
2025,4,hibernation_hypothermia,0.1452,-0.1875,-0.915,-1.056,-0.971,6,bot
2026,1,longevity_rejuvenation,0.1865,0.9123,0.39,1.31,0.758,1,top
2026,1,meal_replacement_metabolic,0.3861,0.0,1.884,-1.016,0.724,2,top
2026,1,hair_loss,0.0844,0.9143,-0.375,1.315,0.301,3,mid
2026,1,hibernation_hypothermia,0.1129,0.4375,-0.161,0.1,-0.057,4,mid
2026,1,obesity_glp1,0.0928,0.0,-0.312,-1.016,-0.593,5,bot
2026,1,cognitive_memory,-0.056,0.1268,-1.426,-0.693,-1.133,6,bot
2026,2,meal_replacement_metabolic,0.397,0.0,1.818,-0.489,0.895,1,top
2026,2,longevity_rejuvenation,0.1958,0.3621,0.11,2.068,0.893,2,top
2026,2,hibernation_hypothermia,0.213,0.1053,0.255,0.254,0.255,3,mid
2026,2,cognitive_memory,0.1522,0.0267,-0.261,-0.301,-0.277,4,mid
2026,2,obesity_glp1,0.1394,0.0,-0.369,-0.489,-0.417,5,bot
2026,2,hair_loss,0.0,-0.0784,-1.553,-1.043,-1.349,6,bot
