ticker,cik,shares,shares_asof,close,close_date,source
ABCL,0001703057,290824970.0,2023-12-31,11.569999694824219,2026-09-03,h3_mcap_add7af7 + h3_prices_merged_add7af7
ABOS,0001576885,40473270.0,2021-12-31,3.0899999141693115,2026-09-03,h3_mcap_add7af7 + h3_prices_merged_add7af7
ACAD,0001070494,172305518.0,2026-07-28,27.860000610351562,2026-09-03,h3_mcap_add7af7 + h3_prices_merged_add7af7
ACET,0001720580,43270386.0,2023-12-31,9.430000305175781,2026-09-03,h3_mcap_add7af7 + h3_prices_merged_add7af7
ACRS,0001557746,61737483.0,2022-03-31,5.949999809265137,2026-09-03,h3_mcap_add7af7 + h3_prices_merged_add7af7
ACRV,0001781174,1794600.0,2022-09-30,2.059999942779541,2026-09-03,h3_mcap_add7af7 + h3_prices_merged_add7af7
ADCT,0001771910,127667695.0,2026-08-03,1.3200000524520874,2026-09-03,h3_mcap_add7af7 + h3_prices_merged_add7af7
ADMA,0001368514,223984680.0,2026-07-31,9.579999923706055,2026-09-03,h3_mcap_add7af7 + h3_prices_merged_add7af7
AGEN,0001098972,257153860.0,2022-01-31,8.239999771118164,2026-09-03,h3_mcap_add7af7 + h3_prices_merged_add7af7
AGIO,0001439222,55891284.0,2023-10-27,33.130001068115234,2026-09-03,h3_mcap_add7af7 + h3_prices_merged_add7af7
ALDX,0001341235,60326421.0,2026-08-04,1.4800000190734863,2026-09-03,h3_mcap_add7af7 + h3_prices_merged_add7af7
ALEC,0001653087,97932605.0,2024-11-01,2.509999990463257,2026-09-03,h3_mcap_add7af7 + h3_prices_merged_add7af7
ALGS,0001799448,43502582.0,2023-09-30,6.21999979019165,2026-09-03,h3_mcap_add7af7 + h3_prices_merged_add7af7
ALXO,0001810182,41151819.0,2023-09-30,2.0299999713897705,2026-09-03,h3_mcap_add7af7 + h3_prices_merged_add7af7
AMLX,0001658551,68545508.0,2024-09-30,33.959999084472656,2026-09-03,h3_mcap_add7af7 + h3_prices_merged_add7af7
AMRN,0000897448,420044022.0,2026-06-30,13.710000038146973,2026-09-03,h3_mcap_add7af7 + h3_prices_merged_add7af7
ANAB,0001370053,26575178.0,2023-09-30,57.459999084472656,2026-09-03,h3_mcap_add7af7 + h3_prices_merged_add7af7
ANNX,0001528115,149362800.0,2025-12-31,4.840000152587891,2026-09-03,h3_mcap_add7af7 + h3_prices_merged_add7af7
ANRO,0001999480,3832134.0,2023-12-31,36.400001525878906,2026-09-03,h3_mcap_add7af7 + h3_prices_merged_add7af7
ANTX,0001880438,18712658.0,2022-03-31,5.949999809265137,2026-09-03,h3_mcap_add7af7 + h3_prices_merged_add7af7
APGE,0001974640,48338769.0,2023-12-31,135.07000732421875,2026-09-03,h3_mcap_add7af7 + h3_prices_merged_add7af7
APRE,0001781983,12591136.0,2026-08-12,0.8059999942779541,2026-09-03,h3_mcap_add7af7 + h3_prices_merged_add7af7
ARDX,0001437402,154635575.0,2022-07-31,3.7100000381469727,2026-09-03,h3_mcap_add7af7 + h3_prices_merged_add7af7
ARQT,0001787306,125691961.0,2026-07-31,23.65999984741211,2026-09-03,h3_mcap_add7af7 + h3_prices_merged_add7af7
ASMB,0001426800,47077052.0,2021-09-30,36.130001068115234,2026-09-03,h3_mcap_add7af7 + h3_prices_merged_add7af7
ASND,0001612042,61977408.0,2025-12-31,271.1199951171875,2026-09-03,h3_mcap_add7af7 + h3_prices_merged_add7af7
ATRA,0001604464,10037710.0,2026-08-10,9.529999732971191,2026-09-03,h3_mcap_add7af7 + h3_prices_merged_add7af7
AUPH,0001600620,142110000.0,2022-09-30,16.1200008392334,2026-09-03,h3_mcap_add7af7 + h3_prices_merged_add7af7
AUTL,0001730463,90907830.0,2021-12-31,2.2899999618530273,2026-09-03,h3_mcap_add7af7 + h3_prices_merged_add7af7
AVBP,0001868279,2745480.0,2023-12-31,31.030000686645508,2026-09-03,h3_mcap_add7af7 + h3_prices_merged_add7af7
AVIR,0001593899,80204699.0,2026-08-10,5.820000171661377,2026-09-03,h3_mcap_add7af7 + h3_prices_merged_add7af7
BBIO,0001743881,195487474.0,2026-08-03,75.41000366210938,2026-09-03,h3_mcap_add7af7 + h3_prices_merged_add7af7
BCAB,0001826892,1663280.0,2026-06-30,1.2999999523162842,2026-09-03,h3_mcap_add7af7 + h3_prices_merged_add7af7
BCAX,0002023658,640386.0,2023-12-31,23.34000015258789,2026-09-03,h3_mcap_add7af7 + h3_prices_merged_add7af7
BCRX,0000882796,255535105.0,2026-07-31,10.09000015258789,2026-09-03,h3_mcap_add7af7 + h3_prices_merged_add7af7
BCYC,0001761612,42632597.0,2024-03-31,4.239999771118164,2026-09-03,h3_mcap_add7af7 + h3_prices_merged_add7af7
BDTX,0001701541,57453747.0,2026-07-30,2.0999999046325684,2026-09-03,h3_mcap_add7af7 + h3_prices_merged_add7af7
BEAM,0001745999,79199501.0,2023-08-01,29.459999084472656,2026-09-03,h3_mcap_add7af7 + h3_prices_merged_add7af7
BIOA,0001709941,34196821.0,2024-09-30,9.5,2026-09-03,h3_mcap_add7af7 + h3_prices_merged_add7af7
BMEA,0001840439,29561554.0,2022-12-31,1.909999966621399,2026-09-03,h3_mcap_add7af7 + h3_prices_merged_add7af7
BOLD,0001782303,1262638.0,2024-03-31,2.869999885559082,2026-09-03,h3_mcap_add7af7 + h3_prices_merged_add7af7
BOLT,0001641281,1926345.0,2026-08-04,3.8949999809265137,2026-09-03,h3_mcap_add7af7 + h3_prices_merged_add7af7
CABA,0001759138,29445134.0,2022-12-31,3.4800000190734863,2026-09-03,h3_mcap_add7af7 + h3_prices_merged_add7af7
CALC,0001534133,34141460.0,2026-08-05,2.200000047683716,2026-09-03,h3_mcap_add7af7 + h3_prices_merged_add7af7
CBIO,0001253689,64483958.0,2024-09-30,20.399999618530273,2026-09-03,h3_mcap_add7af7 + h3_prices_merged_add7af7
CCCC,0001662579,70588959.0,2024-10-24,3.740000009536743,2026-09-03,h3_mcap_add7af7 + h3_prices_merged_add7af7
CHRS,0001512762,154500966.0,2026-07-31,1.3700000047683716,2026-09-03,h3_mcap_add7af7 + h3_prices_merged_add7af7
CLYM,0001768446,66785449.0,2024-06-30,14.59000015258789,2026-09-03,h3_mcap_add7af7 + h3_prices_merged_add7af7
CMMB,0001534248,575381320.0,2025-12-31,2.8299999237060547,2026-09-03,h3_mcap_add7af7 + h3_prices_merged_add7af7
CMPX,0001738021,180087915.0,2026-07-28,2.369999885559082,2026-09-03,h3_mcap_add7af7 + h3_prices_merged_add7af7
CNTB,0001835268,62974309.0,2026-07-31,1.9299999475479126,2026-09-03,h3_mcap_add7af7 + h3_prices_merged_add7af7
CNTX,0001842952,74998312.0,2024-05-06,0.3630000054836273,2026-09-03,h3_mcap_add7af7 + h3_prices_merged_add7af7
COGT,0001622229,65758266.0,2022-08-05,34.95000076293945,2026-09-03,h3_mcap_add7af7 + h3_prices_merged_add7af7
COLL,0001267565,32555613.0,2026-07-31,23.700000762939453,2026-09-03,h3_mcap_add7af7 + h3_prices_merged_add7af7
CRBP,0001595097,12179482.0,2024-11-04,11.460000038146973,2026-09-03,h3_mcap_add7af7 + h3_prices_merged_add7af7
CRBU,0001619856,107207513.0,2026-08-07,1.5700000524520874,2026-09-03,h3_mcap_add7af7 + h3_prices_merged_add7af7
CRIS,0001108205,2090077.0,2026-08-11,1.3700000047683716,2026-09-03,h3_mcap_add7af7 + h3_prices_merged_add7af7
CRNX,0001658247,106065229.0,2026-07-22,84.95,2026-09-01,h3_mcap_add7af7 + h3_prices_merged_add7af7
CRVO,0001053691,6170479.0,2024-03-31,2.5399999618530273,2026-09-03,h3_mcap_add7af7 + h3_prices_merged_add7af7
CRVS,0001626971,84120944.0,2026-08-06,14.649999618530273,2026-09-03,h3_mcap_add7af7 + h3_prices_merged_add7af7
CTMX,0001501989,217899284.0,2026-07-31,3.680000066757202,2026-09-03,h3_mcap_add7af7 + h3_prices_merged_add7af7
CTNM,0001855175,2384426.0,2024-03-31,17.56999969482422,2026-09-03,h3_mcap_add7af7 + h3_prices_merged_add7af7
CYPH,0001509745,107764382.0,2026-08-10,2.2699999809265137,2026-09-03,h3_mcap_add7af7 + h3_prices_merged_add7af7
DBVT,0001613780,296061497.0,2026-07-16,13.699999809265137,2026-09-03,h3_mcap_add7af7 + h3_prices_merged_add7af7
DMRA,0001800315,61735519.0,2026-08-07,28.0,2026-09-03,h3_mcap_add7af7 + h3_prices_merged_add7af7
DNTH,0001690585,14817696.0,2023-12-31,107.8499984741211,2026-09-03,h3_mcap_add7af7 + h3_prices_merged_add7af7
DRUG,0001827401,4524087.0,2024-09-30,68.0199966430664,2026-09-03,h3_mcap_add7af7 + h3_prices_merged_add7af7
DSGN,0001807120,55840625.0,2022-09-30,15.029999732971191,2026-09-03,h3_mcap_add7af7 + h3_prices_merged_add7af7
DTIL,0001357874,4164038.0,2023-12-31,7.369999885559082,2026-09-03,h3_mcap_add7af7 + h3_prices_merged_add7af7
DYN,0001818794,87089649.0,2024-03-31,24.950000762939453,2026-09-03,h3_mcap_add7af7 + h3_prices_merged_add7af7
EDIT,0001650664,81632619.0,2023-07-28,3.0799999237060547,2026-09-03,h3_mcap_add7af7 + h3_prices_merged_add7af7
ELDN,0001404281,41183102.0,2024-09-30,2.930000066757202,2026-09-03,h3_mcap_add7af7 + h3_prices_merged_add7af7
ELVN,0001672619,41011501.0,2023-02-23,59.650001525878906,2026-09-03,h3_mcap_add7af7 + h3_prices_merged_add7af7
ENGN,0001980845,23197976.0,2024-01-31,1.8300000429153442,2026-09-03,h3_mcap_add7af7 + h3_prices_merged_add7af7
ENSC,0001716947,13870510.0,2024-09-30,0.4399999976158142,2026-09-03,h3_mcap_add7af7 + h3_prices_merged_add7af7
ENTA,0001177648,29125402.0,2026-08-07,14.020000457763672,2026-09-03,h3_mcap_add7af7 + h3_prices_merged_add7af7
ENTX,0001638097,173141831.0,2026-08-03,2.950000047683716,2026-09-03,h3_mcap_add7af7 + h3_prices_merged_add7af7
EOLS,0001570562,57150722.0,2023-11-03,9.050000190734863,2026-09-03,h3_mcap_add7af7 + h3_prices_merged_add7af7
EWTX,0001710072,94688517.0,2024-10-31,41.95000076293945,2026-09-03,h3_mcap_add7af7 + h3_prices_merged_add7af7
EXEL,0000939767,324087337.0,2023-01-30,59.130001068115234,2026-09-03,h3_mcap_add7af7 + h3_prices_merged_add7af7
FATE,0001434316,119820514.0,2026-08-06,2.4200000762939453,2026-09-03,h3_mcap_add7af7 + h3_prices_merged_add7af7
FDMT,0001650648,33260378.0,2023-05-05,14.699999809265137,2026-09-03,h3_mcap_add7af7 + h3_prices_merged_add7af7
FTH,0001829802,25840425.0,2026-07-30,39.0,2026-09-03,h3_mcap_add7af7 + h3_prices_merged_add7af7
FULC,0001680581,41009442.0,2022-08-04,3.8399999141693115,2026-09-03,h3_mcap_add7af7 + h3_prices_merged_add7af7
GERN,0000886744,390262524.0,2022-12-31,1.5099999904632568,2026-09-03,h3_mcap_add7af7 + h3_prices_merged_add7af7
GHRS,0001855129,62029395.0,2025-12-31,27.920000076293945,2026-09-03,h3_mcap_add7af7 + h3_prices_merged_add7af7
GLUE,0001826457,50140233.0,2023-12-31,14.380000114440918,2026-09-03,h3_mcap_add7af7 + h3_prices_merged_add7af7
GPCR,0001888886,139863370.0,2024-04-30,47.34000015258789,2026-09-03,h3_mcap_add7af7 + h3_prices_merged_add7af7
GYRE,0001124105,31409707.0,2021-12-31,6.440000057220459,2026-09-03,h3_mcap_add7af7 + h3_prices_merged_add7af7
HELP,0001833141,195328733.0,2023-03-31,6.62,2026-01-30,h3_mcap_add7af7 + h3_prices_merged_add7af7
HOWL,0001785530,48599066.0,2026-07-27,0.9440000057220459,2026-09-03,h3_mcap_add7af7 + h3_prices_merged_add7af7
IKT,0001750149,7464070.0,2024-09-30,2.5199999809265137,2026-09-03,h3_mcap_add7af7 + h3_prices_merged_add7af7
IMA,0001835579,11351456.0,2026-07-31,4.885000228881836,2026-09-03,h3_mcap_add7af7 + h3_prices_merged_add7af7
IMCR,0001671927,51498617.0,2026-07-31,37.56999969482422,2026-09-03,h3_mcap_add7af7 + h3_prices_merged_add7af7
IMNM,0001472012,12202516.0,2023-09-30,27.15999984741211,2026-09-03,h3_mcap_add7af7 + h3_prices_merged_add7af7
IMTX,0001809196,84657789.0,2023-12-31,6.45,2025-07-31,h3_mcap_add7af7 + h3_prices_merged_add7af7
IMUX,0001280776,30564995.0,2022-09-30,12.760000228881836,2026-09-03,h3_mcap_add7af7 + h3_prices_merged_add7af7
IMVT,0001764013,116395727.0,2022-02-01,24.49,2020-07-15,h3_mcap_add7af7 + h3_prices_merged_add7af7
INBX,0002007919,14475904.0,2024-11-08,122.26000213623047,2026-09-03,h3_mcap_add7af7 + h3_prices_merged_add7af7
IOVA,0001425205,279307043.0,2024-02-22,8.699999809265137,2026-09-03,h3_mcap_add7af7 + h3_prices_merged_add7af7
IRON,0001816736,38392844.0,2026-07-23,138.6,2021-03-05,h3_mcap_add7af7 + h3_prices_merged_add7af7
IVVD,0001832038,110160684.0,2023-12-31,0.8349999785423279,2026-09-03,h3_mcap_add7af7 + h3_prices_merged_add7af7
JANX,0001817713,61136773.0,2026-08-04,19.799999237060547,2026-09-03,h3_mcap_add7af7 + h3_prices_merged_add7af7
JBIO,0001798749,24410393.0,2021-12-31,19.850000381469727,2026-09-03,h3_mcap_add7af7 + h3_prices_merged_add7af7
KALA,0001479419,2816454.0,2024-05-13,0.5609999895095825,2026-09-03,h3_mcap_add7af7 + h3_prices_merged_add7af7
KOD,0001468748,62849457.0,2026-08-06,36.36000061035156,2026-09-03,h3_mcap_add7af7 + h3_prices_merged_add7af7
KROS,0001664710,23398657.0,2021-10-28,11.109999656677246,2026-09-03,h3_mcap_add7af7 + h3_prices_merged_add7af7
KRRO,0001703647,8022463.0,2024-03-31,11.619999885559082,2026-09-03,h3_mcap_add7af7 + h3_prices_merged_add7af7
KRYS,0001711279,29598836.0,2026-07-28,371.4700012207031,2026-09-03,h3_mcap_add7af7 + h3_prices_merged_add7af7
KURA,0001422143,77763750.0,2024-11-04,13.149999618530273,2026-09-03,h3_mcap_add7af7 + h3_prices_merged_add7af7
KYMR,0001815442,61353146.0,2024-03-31,117.27999877929688,2026-09-03,h3_mcap_add7af7 + h3_prices_merged_add7af7
LENZ,0001815776,58236926.0,2024-02-23,5.829999923706055,2026-09-03,h3_mcap_add7af7 + h3_prices_merged_add7af7
LONA,0001620463,38172603.0,2023-12-31,7.699999809265137,2026-09-03,h3_mcap_add7af7 + h3_prices_merged_add7af7
LRMR,0001374690,43909069.0,2023-12-31,3.8299999237060547,2026-09-03,h3_mcap_add7af7 + h3_prices_merged_add7af7
MBX,0001776111,1257080.0,2023-12-31,61.41999816894531,2026-09-03,h3_mcap_add7af7 + h3_prices_merged_add7af7
MCRB,0001609809,9941261.0,2026-08-03,5.639999866485596,2026-09-03,h3_mcap_add7af7 + h3_prices_merged_add7af7
MDGL,0001157601,18289173.0,2023-05-05,542.6099853515625,2026-09-03,h3_mcap_add7af7 + h3_prices_merged_add7af7
MDNAF,0001807983,69637469.0,2023-03-31,0.29996,2023-12-20,h3_mcap_add7af7 + h3_prices_merged_add7af7
MGNX,0001125345,62028904.0,2023-09-30,4.25,2026-09-03,h3_mcap_add7af7 + h3_prices_merged_add7af7
MGTX,0001735438,96042996.0,2026-08-11,13.970000267028809,2026-09-03,h3_mcap_add7af7 + h3_prices_merged_add7af7
MIST,0001408443,124497980.0,2026-08-12,1.2100000381469727,2026-09-03,h3_mcap_add7af7 + h3_prices_merged_add7af7
MLTX,0001821586,85106685.0,2026-08-01,15.1899995803833,2026-09-03,h3_mcap_add7af7 + h3_prices_merged_add7af7
MLYS,0001933414,6419238.0,2022-12-31,28.270000457763672,2026-09-03,h3_mcap_add7af7 + h3_prices_merged_add7af7
MNPR,0001645469,5277796.0,2024-10-31,118.55000305175781,2026-09-03,h3_mcap_add7af7 + h3_prices_merged_add7af7
MREO,0001719714,798454864.0,2026-08-07,0.2720000147819519,2026-09-03,h3_mcap_add7af7 + h3_prices_merged_add7af7
NAMS,0001936258,36258312.0,2022-07-25,25.850000381469727,2026-09-03,h3_mcap_add7af7 + h3_prices_merged_add7af7
NGNE,0001404644,44021429.0,2023-06-30,37.61000061035156,2026-09-03,h3_mcap_add7af7 + h3_prices_merged_add7af7
NKTR,0000906709,190118673.0,2023-08-01,76.37000274658203,2026-09-03,h3_mcap_add7af7 + h3_prices_merged_add7af7
NKTX,0001787400,32971107.0,2021-12-31,2.7899999618530273,2026-09-03,h3_mcap_add7af7 + h3_prices_merged_add7af7
NRIX,0001549595,47273098.0,2023-01-31,25.31999969482422,2026-09-03,h3_mcap_add7af7 + h3_prices_merged_add7af7
NUVB,0001811063,218139125.0,2022-04-29,4.37,2026-03-12,h3_mcap_add7af7 + h3_prices_merged_add7af7
NVAX,0001000694,164945726.0,2026-07-31,10.34000015258789,2026-09-03,h3_mcap_add7af7 + h3_prices_merged_add7af7
NXTC,0001661059,4577359.0,2026-07-31,7.840000152587891,2026-09-03,h3_mcap_add7af7 + h3_prices_merged_add7af7
OCUL,0001393434,79418626.0,2023-11-03,10.640000343322754,2026-09-03,h3_mcap_add7af7 + h3_prices_merged_add7af7
OKUR,0001637715,3343525.0,2024-09-30,3.559999942779541,2026-09-03,h3_mcap_add7af7 + h3_prices_merged_add7af7
OLMA,0001750284,55914741.0,2024-03-07,10.729999542236328,2026-09-03,h3_mcap_add7af7 + h3_prices_merged_add7af7
ONC,0001651308,1478124405.0,2026-07-31,362.67999267578125,2026-09-03,h3_mcap_add7af7 + h3_prices_merged_add7af7
ORIC,0001796280,103652656.0,2026-07-27,12.739999771118164,2026-09-03,h3_mcap_add7af7 + h3_prices_merged_add7af7
PASG,0001787297,54016499.0,2021-09-30,4.75,2026-09-03,h3_mcap_add7af7 + h3_prices_merged_add7af7
PCVX,0001649094,148805278.0,2026-08-03,61.16999816894531,2026-09-03,h3_mcap_add7af7 + h3_prices_merged_add7af7
PEPG,0001835597,963588.0,2021-12-31,3.180000066757202,2026-09-03,h3_mcap_add7af7 + h3_prices_merged_add7af7
PHAT,0001783183,80900934.0,2026-07-27,9.050000190734863,2026-09-03,h3_mcap_add7af7 + h3_prices_merged_add7af7
PLRX,0001746473,60853623.0,2024-11-01,1.1299999952316284,2026-09-03,h3_mcap_add7af7 + h3_prices_merged_add7af7
PMVP,0001699382,53458058.0,2026-08-14,1.2400000095367432,2026-09-03,h3_mcap_add7af7 + h3_prices_merged_add7af7
PRAX,0001689548,17757069.0,2024-08-09,355.1499938964844,2026-09-03,h3_mcap_add7af7 + h3_prices_merged_add7af7
PRLD,0001678660,79803485.0,2026-08-06,5.25,2026-09-03,h3_mcap_add7af7 + h3_prices_merged_add7af7
PTGX,0001377121,64708285.0,2026-07-31,148.8000030517578,2026-09-03,h3_mcap_add7af7 + h3_prices_merged_add7af7
PYXS,0001782223,44754853.0,2023-12-31,3.565000057220459,2026-09-03,h3_mcap_add7af7 + h3_prices_merged_add7af7
QTTB,0001661998,11929528.0,2024-03-25,12.800000190734863,2026-09-03,h3_mcap_add7af7 + h3_prices_merged_add7af7
RCKT,0001281895,109774597.0,2026-07-31,3.7899999618530273,2026-09-03,h3_mcap_add7af7 + h3_prices_merged_add7af7
REPL,0001737953,56654974.0,2023-02-06,15.289999961853027,2026-09-03,h3_mcap_add7af7 + h3_prices_merged_add7af7
RGNX,0001590877,43991980.0,2023-11-02,9.199999809265137,2026-09-03,h3_mcap_add7af7 + h3_prices_merged_add7af7
RLMD,0001553643,28641991.0,2022-09-30,4.369999885559082,2026-09-03,h3_mcap_add7af7 + h3_prices_merged_add7af7
RVMD,0001628171,109564695.0,2023-11-01,210.8699951171875,2026-09-03,h3_mcap_add7af7 + h3_prices_merged_add7af7
RXRX,0001601830,280968276.0,2024-06-30,3.440000057220459,2026-09-03,h3_mcap_add7af7 + h3_prices_merged_add7af7
RYTM,0001649904,61457069.0,2024-11-03,104.88999938964844,2026-09-03,h3_mcap_add7af7 + h3_prices_merged_add7af7
SCYX,0001178253,9949609.0,2026-08-01,5.34499979019165,2026-09-03,h3_mcap_add7af7 + h3_prices_merged_add7af7
SEPN,0001984086,3168134.0,2023-12-31,36.79999923706055,2026-09-03,h3_mcap_add7af7 + h3_prices_merged_add7af7
SGMT,0001400118,0.0,2023-12-31,10.920000076293945,2026-09-03,h3_mcap_add7af7 + h3_prices_merged_add7af7
SLDB,0001707502,107225238.0,2026-08-04,10.420000076293945,2026-09-03,h3_mcap_add7af7 + h3_prices_merged_add7af7
SLN,0001479615,89784720.0,2021-12-31,14.789999961853027,2026-09-03,h3_mcap_add7af7 + h3_prices_merged_add7af7
SNTI,0001854270,31144754.0,2026-07-31,0.3409999907016754,2026-09-03,h3_mcap_add7af7 + h3_prices_merged_add7af7
SPRY,0001671858,95568307.0,2023-08-07,5.670000076293945,2026-09-03,h3_mcap_add7af7 + h3_prices_merged_add7af7
SRRK,0001727196,75979495.0,2023-12-31,55.939998626708984,2026-09-03,h3_mcap_add7af7 + h3_prices_merged_add7af7
SRZN,0001824893,3198786.0,2024-04-08,22.54,2026-09-03,h3_mcap_add7af7 + h3_prices_merged_add7af7
STOK,0001623526,52966977.0,2024-10-31,29.989999771118164,2026-09-03,h3_mcap_add7af7 + h3_prices_merged_add7af7
STTK,0001680367,100363253.0,2026-08-07,6.960000038146973,2026-09-03,h3_mcap_add7af7 + h3_prices_merged_add7af7
SYBX,0001527599,69707541.0,2021-09-30,0.71,2026-06-17,h3_mcap_add7af7 + h3_prices_merged_add7af7
SYRE,0001636282,4048927.0,2023-11-03,87.25,2026-09-03,h3_mcap_add7af7 + h3_prices_merged_add7af7
TARA,0001359931,11433837.0,2024-03-31,3.9700000286102295,2026-09-03,h3_mcap_add7af7 + h3_prices_merged_add7af7
TARS,0001819790,43882996.0,2026-07-30,83.20500183105469,2026-09-03,h3_mcap_add7af7 + h3_prices_merged_add7af7
TBPH,0001583107,51918754.0,2026-07-31,17.079999923706055,2026-09-03,h3_mcap_add7af7 + h3_prices_merged_add7af7
TCRX,0001783328,23976942.0,2022-03-04,0.3709999918937683,2026-09-03,h3_mcap_add7af7 + h3_prices_merged_add7af7
TECX,0001681087,43916000.0,2022-12-31,29.920000076293945,2026-09-03,h3_mcap_add7af7 + h3_prices_merged_add7af7
TIL,0001789769,6503913.0,2024-08-09,7.659999847412109,2026-09-03,h3_mcap_add7af7 + h3_prices_merged_add7af7
TNGX,0001819133,168610367.0,2026-08-04,22.760000228881836,2026-09-03,h3_mcap_add7af7 + h3_prices_merged_add7af7
TNYA,0001858848,224230012.0,2026-07-30,0.6949999928474426,2026-09-03,h3_mcap_add7af7 + h3_prices_merged_add7af7
TRDA,0001689375,31224336.0,2021-12-31,7.170000076293945,2026-09-03,h3_mcap_add7af7 + h3_prices_merged_add7af7
TSHA,0001806310,64465037.0,2023-08-14,5.570000171661377,2026-09-03,h3_mcap_add7af7 + h3_prices_merged_add7af7
TVTX,0001438533,63514152.0,2022-05-03,66.54000091552734,2026-09-03,h3_mcap_add7af7 + h3_prices_merged_add7af7
TYRA,0001863127,1829377.0,2020-12-31,24.860000610351562,2026-09-03,h3_mcap_add7af7 + h3_prices_merged_add7af7
UNCY,0001766140,15236016.0,2023-06-30,5.300000190734863,2026-09-03,h3_mcap_add7af7 + h3_prices_merged_add7af7
UPB,0002022626,3025452.0,2024-09-30,6.079999923706055,2026-09-03,h3_mcap_add7af7 + h3_prices_merged_add7af7
URGN,0001668243,30866320.0,2023-11-07,44.880001068115234,2026-09-03,h3_mcap_add7af7 + h3_prices_merged_add7af7
VALN,0001836564,105190223.0,2021-12-31,7.059999942779541,2026-09-03,h3_mcap_add7af7 + h3_prices_merged_add7af7
VOR,0001817229,59162294.0,2026-08-06,24.239999771118164,2026-09-03,h3_mcap_add7af7 + h3_prices_merged_add7af7
VRCA,0001660334,17178786.0,2026-07-31,5.360000133514404,2026-09-03,h3_mcap_add7af7 + h3_prices_merged_add7af7
VRDN,0001590750,53986112.0,2023-12-31,22.959999084472656,2026-09-03,h3_mcap_add7af7 + h3_prices_merged_add7af7
VSTM,0001526119,16712000.0,2022-12-31,7.980000019073486,2026-09-03,h3_mcap_add7af7 + h3_prices_merged_add7af7
VTGN,0001411685,44376911.0,2026-08-10,0.25,2026-09-03,h3_mcap_add7af7 + h3_prices_merged_add7af7
VTVT,0001641489,0.0,2015-09-30,33.470001220703125,2026-09-03,h3_mcap_add7af7 + h3_prices_merged_add7af7
VXRT,0000072444,153452833.0,2023-12-31,0.34704,2025-12-19,h3_mcap_add7af7 + h3_prices_merged_add7af7
WHWK,0001422142,57009010.0,2026-08-03,4.630000114440918,2026-09-03,h3_mcap_add7af7 + h3_prices_merged_add7af7
WVE,0001631574,197048175.0,2026-07-23,4.699999809265137,2026-09-03,h3_mcap_add7af7 + h3_prices_merged_add7af7
XENE,0001582313,96840432.0,2026-08-03,60.400001525878906,2026-09-03,h3_mcap_add7af7 + h3_prices_merged_add7af7
XFOR,0001501697,99146743.0,2026-07-31,4.039999961853027,2026-09-03,h3_mcap_add7af7 + h3_prices_merged_add7af7
XLO,0001840233,778949.0,2021-09-30,9.020000457763672,2026-09-03,h3_mcap_add7af7 + h3_prices_merged_add7af7
YARW,0001566044,2669746.0,2026-08-10,28.850000381469727,2026-09-03,h3_mcap_add7af7 + h3_prices_merged_add7af7
ZNTL,0001725160,71671914.0,2026-08-03,4.110000133514404,2026-09-03,h3_mcap_add7af7 + h3_prices_merged_add7af7
ZURA,0001855644,43593678.0,2024-03-31,3.97,2024-09-26,h3_mcap_add7af7 + h3_prices_merged_add7af7
ZYME,0001937653,61694387.0,2022-09-30,10.04,2023-01-13,h3_mcap_add7af7 + h3_prices_merged_add7af7
