date,name,verified_by
2019-01-01,New Year's Day,XBI Tiingo 일봉 평일 결측 대조 (h6_benchmarks_tiingo_20261001.csv)
2019-01-21,Martin Luther King Jr. Day,XBI Tiingo 일봉 평일 결측 대조 (h6_benchmarks_tiingo_20261001.csv)
2019-02-18,Washington's Birthday,XBI Tiingo 일봉 평일 결측 대조 (h6_benchmarks_tiingo_20261001.csv)
2019-04-19,Good Friday,XBI Tiingo 일봉 평일 결측 대조 (h6_benchmarks_tiingo_20261001.csv)
2019-05-27,Memorial Day,XBI Tiingo 일봉 평일 결측 대조 (h6_benchmarks_tiingo_20261001.csv)
2019-07-04,Independence Day,XBI Tiingo 일봉 평일 결측 대조 (h6_benchmarks_tiingo_20261001.csv)
2019-09-02,Labor Day,XBI Tiingo 일봉 평일 결측 대조 (h6_benchmarks_tiingo_20261001.csv)
2019-11-28,Thanksgiving Day,XBI Tiingo 일봉 평일 결측 대조 (h6_benchmarks_tiingo_20261001.csv)
2019-12-25,Christmas Day,XBI Tiingo 일봉 평일 결측 대조 (h6_benchmarks_tiingo_20261001.csv)
2020-01-01,New Year's Day,XBI Tiingo 일봉 평일 결측 대조 (h6_benchmarks_tiingo_20261001.csv)
2020-01-20,Martin Luther King Jr. Day,XBI Tiingo 일봉 평일 결측 대조 (h6_benchmarks_tiingo_20261001.csv)
2020-02-17,Washington's Birthday,XBI Tiingo 일봉 평일 결측 대조 (h6_benchmarks_tiingo_20261001.csv)
2020-04-10,Good Friday,XBI Tiingo 일봉 평일 결측 대조 (h6_benchmarks_tiingo_20261001.csv)
2020-05-25,Memorial Day,XBI Tiingo 일봉 평일 결측 대조 (h6_benchmarks_tiingo_20261001.csv)
2020-07-03,Independence Day (observed),XBI Tiingo 일봉 평일 결측 대조 (h6_benchmarks_tiingo_20261001.csv)
2020-09-07,Labor Day,XBI Tiingo 일봉 평일 결측 대조 (h6_benchmarks_tiingo_20261001.csv)
2020-11-26,Thanksgiving Day,XBI Tiingo 일봉 평일 결측 대조 (h6_benchmarks_tiingo_20261001.csv)
2020-12-25,Christmas Day,XBI Tiingo 일봉 평일 결측 대조 (h6_benchmarks_tiingo_20261001.csv)
2021-01-01,New Year's Day,XBI Tiingo 일봉 평일 결측 대조 (h6_benchmarks_tiingo_20261001.csv)
2021-01-18,Martin Luther King Jr. Day,XBI Tiingo 일봉 평일 결측 대조 (h6_benchmarks_tiingo_20261001.csv)
2021-02-15,Washington's Birthday,XBI Tiingo 일봉 평일 결측 대조 (h6_benchmarks_tiingo_20261001.csv)
2021-04-02,Good Friday,XBI Tiingo 일봉 평일 결측 대조 (h6_benchmarks_tiingo_20261001.csv)
2021-05-31,Memorial Day,XBI Tiingo 일봉 평일 결측 대조 (h6_benchmarks_tiingo_20261001.csv)
2021-07-05,Independence Day (observed),XBI Tiingo 일봉 평일 결측 대조 (h6_benchmarks_tiingo_20261001.csv)
2021-09-06,Labor Day,XBI Tiingo 일봉 평일 결측 대조 (h6_benchmarks_tiingo_20261001.csv)
2021-11-25,Thanksgiving Day,XBI Tiingo 일봉 평일 결측 대조 (h6_benchmarks_tiingo_20261001.csv)
2021-12-24,Christmas Day (observed),XBI Tiingo 일봉 평일 결측 대조 (h6_benchmarks_tiingo_20261001.csv)
2022-01-17,Martin Luther King Jr. Day,XBI Tiingo 일봉 평일 결측 대조 (h6_benchmarks_tiingo_20261001.csv)
2022-02-21,Washington's Birthday,XBI Tiingo 일봉 평일 결측 대조 (h6_benchmarks_tiingo_20261001.csv)
2022-04-15,Good Friday,XBI Tiingo 일봉 평일 결측 대조 (h6_benchmarks_tiingo_20261001.csv)
2022-05-30,Memorial Day,XBI Tiingo 일봉 평일 결측 대조 (h6_benchmarks_tiingo_20261001.csv)
2022-06-20,Juneteenth (observed),XBI Tiingo 일봉 평일 결측 대조 (h6_benchmarks_tiingo_20261001.csv)
2022-07-04,Independence Day,XBI Tiingo 일봉 평일 결측 대조 (h6_benchmarks_tiingo_20261001.csv)
2022-09-05,Labor Day,XBI Tiingo 일봉 평일 결측 대조 (h6_benchmarks_tiingo_20261001.csv)
2022-11-24,Thanksgiving Day,XBI Tiingo 일봉 평일 결측 대조 (h6_benchmarks_tiingo_20261001.csv)
2022-12-26,Christmas Day (observed),XBI Tiingo 일봉 평일 결측 대조 (h6_benchmarks_tiingo_20261001.csv)
2023-01-02,New Year's Day (observed),XBI Tiingo 일봉 평일 결측 대조 (h6_benchmarks_tiingo_20261001.csv)
2023-01-16,Martin Luther King Jr. Day,XBI Tiingo 일봉 평일 결측 대조 (h6_benchmarks_tiingo_20261001.csv)
2023-02-20,Washington's Birthday,XBI Tiingo 일봉 평일 결측 대조 (h6_benchmarks_tiingo_20261001.csv)
2023-04-07,Good Friday,XBI Tiingo 일봉 평일 결측 대조 (h6_benchmarks_tiingo_20261001.csv)
2023-05-29,Memorial Day,XBI Tiingo 일봉 평일 결측 대조 (h6_benchmarks_tiingo_20261001.csv)
2023-06-19,Juneteenth,XBI Tiingo 일봉 평일 결측 대조 (h6_benchmarks_tiingo_20261001.csv)
2023-07-04,Independence Day,XBI Tiingo 일봉 평일 결측 대조 (h6_benchmarks_tiingo_20261001.csv)
2023-09-04,Labor Day,XBI Tiingo 일봉 평일 결측 대조 (h6_benchmarks_tiingo_20261001.csv)
2023-11-23,Thanksgiving Day,XBI Tiingo 일봉 평일 결측 대조 (h6_benchmarks_tiingo_20261001.csv)
2023-12-25,Christmas Day,XBI Tiingo 일봉 평일 결측 대조 (h6_benchmarks_tiingo_20261001.csv)
2024-01-01,New Year's Day,XBI Tiingo 일봉 평일 결측 대조 (h6_benchmarks_tiingo_20261001.csv)
2024-01-15,Martin Luther King Jr. Day,XBI Tiingo 일봉 평일 결측 대조 (h6_benchmarks_tiingo_20261001.csv)
2024-02-19,Washington's Birthday,XBI Tiingo 일봉 평일 결측 대조 (h6_benchmarks_tiingo_20261001.csv)
2024-03-29,Good Friday,XBI Tiingo 일봉 평일 결측 대조 (h6_benchmarks_tiingo_20261001.csv)
2024-05-27,Memorial Day,XBI Tiingo 일봉 평일 결측 대조 (h6_benchmarks_tiingo_20261001.csv)
2024-06-19,Juneteenth,XBI Tiingo 일봉 평일 결측 대조 (h6_benchmarks_tiingo_20261001.csv)
2024-07-04,Independence Day,XBI Tiingo 일봉 평일 결측 대조 (h6_benchmarks_tiingo_20261001.csv)
2024-09-02,Labor Day,XBI Tiingo 일봉 평일 결측 대조 (h6_benchmarks_tiingo_20261001.csv)
2024-11-28,Thanksgiving Day,XBI Tiingo 일봉 평일 결측 대조 (h6_benchmarks_tiingo_20261001.csv)
2024-12-25,Christmas Day,XBI Tiingo 일봉 평일 결측 대조 (h6_benchmarks_tiingo_20261001.csv)
2025-01-01,New Year's Day,XBI Tiingo 일봉 평일 결측 대조 (h6_benchmarks_tiingo_20261001.csv)
2025-01-09,National Day of Mourning (President Carter),XBI Tiingo 일봉 평일 결측 대조 (h6_benchmarks_tiingo_20261001.csv)
2025-01-20,Martin Luther King Jr. Day,XBI Tiingo 일봉 평일 결측 대조 (h6_benchmarks_tiingo_20261001.csv)
2025-02-17,Washington's Birthday,XBI Tiingo 일봉 평일 결측 대조 (h6_benchmarks_tiingo_20261001.csv)
2025-04-18,Good Friday,XBI Tiingo 일봉 평일 결측 대조 (h6_benchmarks_tiingo_20261001.csv)
2025-05-26,Memorial Day,XBI Tiingo 일봉 평일 결측 대조 (h6_benchmarks_tiingo_20261001.csv)
2025-06-19,Juneteenth,XBI Tiingo 일봉 평일 결측 대조 (h6_benchmarks_tiingo_20261001.csv)
2025-07-04,Independence Day,XBI Tiingo 일봉 평일 결측 대조 (h6_benchmarks_tiingo_20261001.csv)
2025-09-01,Labor Day,XBI Tiingo 일봉 평일 결측 대조 (h6_benchmarks_tiingo_20261001.csv)
2025-11-27,Thanksgiving Day,XBI Tiingo 일봉 평일 결측 대조 (h6_benchmarks_tiingo_20261001.csv)
2025-12-25,Christmas Day,XBI Tiingo 일봉 평일 결측 대조 (h6_benchmarks_tiingo_20261001.csv)
2026-01-01,New Year's Day,XBI Tiingo 일봉 평일 결측 대조 (h6_benchmarks_tiingo_20261001.csv) · nyse.com/markets/hours-calendars
2026-01-19,Martin Luther King Jr. Day,XBI Tiingo 일봉 평일 결측 대조 (h6_benchmarks_tiingo_20261001.csv) · nyse.com/markets/hours-calendars
2026-02-16,Washington's Birthday,XBI Tiingo 일봉 평일 결측 대조 (h6_benchmarks_tiingo_20261001.csv) · nyse.com/markets/hours-calendars
2026-04-03,Good Friday,XBI Tiingo 일봉 평일 결측 대조 (h6_benchmarks_tiingo_20261001.csv) · nyse.com/markets/hours-calendars
2026-05-25,Memorial Day,XBI Tiingo 일봉 평일 결측 대조 (h6_benchmarks_tiingo_20261001.csv) · nyse.com/markets/hours-calendars
2026-06-19,Juneteenth,XBI Tiingo 일봉 평일 결측 대조 (h6_benchmarks_tiingo_20261001.csv) · nyse.com/markets/hours-calendars
2026-07-03,Independence Day (observed),XBI Tiingo 일봉 평일 결측 대조 (h6_benchmarks_tiingo_20261001.csv) · nyse.com/markets/hours-calendars
2026-09-07,Labor Day,XBI Tiingo 일봉 평일 결측 대조 (h6_benchmarks_tiingo_20261001.csv) · nyse.com/markets/hours-calendars
2026-11-26,Thanksgiving Day,nyse.com/markets/hours-calendars (2026-10-04 조회)
2026-12-25,Christmas Day,nyse.com/markets/hours-calendars (2026-10-04 조회)
2027-01-01,New Year's Day,nyse.com/markets/hours-calendars (2026-10-04 조회)
2027-01-18,Martin Luther King Jr. Day,nyse.com/markets/hours-calendars (2026-10-04 조회)
2027-02-15,Washington's Birthday,nyse.com/markets/hours-calendars (2026-10-04 조회)
2027-03-26,Good Friday,nyse.com/markets/hours-calendars (2026-10-04 조회)
2027-05-31,Memorial Day,nyse.com/markets/hours-calendars (2026-10-04 조회)
2027-06-18,Juneteenth (observed),nyse.com/markets/hours-calendars (2026-10-04 조회)
2027-07-05,Independence Day (observed),nyse.com/markets/hours-calendars (2026-10-04 조회)
2027-09-06,Labor Day,nyse.com/markets/hours-calendars (2026-10-04 조회)
2027-11-25,Thanksgiving Day,nyse.com/markets/hours-calendars (2026-10-04 조회)
2027-12-24,Christmas Day (observed),nyse.com/markets/hours-calendars (2026-10-04 조회)
