alias,ticker,sec_title,basis,note
Pfizer,PFE,PFIZER INC,자체명 변형,
Pfizer Inc.,PFE,PFIZER INC,자체명 변형,
Eli Lilly and Company,LLY,ELI LILLY & Co,자체명 변형,
Eli Lilly,LLY,ELI LILLY & Co,자체명 변형,
Lilly,LLY,ELI LILLY & Co,자체명 변형,
Eli Lilly and Co,LLY,ELI LILLY & Co,자체명 변형,
Novo Nordisk A/S,NVO,NOVO NORDISK A S,자체명 변형,
Novo Nordisk,NVO,NOVO NORDISK A S,자체명 변형,
Novo Nordisk Inc.,NVO,NOVO NORDISK A S,자체명 변형,
Merck Sharp & Dohme LLC,MRK,"Merck & Co., Inc.",자체명 변형,
Merck Sharp & Dohme Corp.,MRK,"Merck & Co., Inc.",자체명 변형,
Merck Sharp & Dohme Corp,MRK,"Merck & Co., Inc.",자체명 변형,
Merck Sharp and Dohme LLC,MRK,"Merck & Co., Inc.",자체명 변형,
MSD,MRK,"Merck & Co., Inc.",자체명 변형,
"Merck & Co., Inc.",MRK,"Merck & Co., Inc.",자체명 변형,
Johnson & Johnson,JNJ,JOHNSON & JOHNSON,자체명 변형,
"Janssen Research & Development, LLC",JNJ,JOHNSON & JOHNSON,자체명 변형,
"Janssen Pharmaceuticals, Inc.",JNJ,JOHNSON & JOHNSON,자체명 변형,
"Janssen Pharmaceutica N.V., Belgium",JNJ,JOHNSON & JOHNSON,자체명 변형,
Janssen-Cilag Ltd.,JNJ,JOHNSON & JOHNSON,자체명 변형,
"Janssen Scientific Affairs, LLC",JNJ,JOHNSON & JOHNSON,자체명 변형,
"Johnson & Johnson Pharmaceutical Research & Development, L.L.C.",JNJ,JOHNSON & JOHNSON,자체명 변형,
Johnson & Johnson Consumer and Personal Products Worldwide,JNJ,JOHNSON & JOHNSON,자체명 변형,
"Johnson & Johnson Healthcare Products Division of McNEIL-PPC, Inc.",JNJ,JOHNSON & JOHNSON,J&J 자회사 (1959~),
"McNeil Consumer Healthcare Division of McNEIL-PPC, Inc.",JNJ,JOHNSON & JOHNSON,J&J 자회사 (1959~),
"Ethicon, Inc.",JNJ,JOHNSON & JOHNSON,J&J 자회사 (1949~),
Ethicon Endo-Surgery,JNJ,JOHNSON & JOHNSON,J&J 자회사,
AbbVie,ABBV,AbbVie Inc.,자체명 변형,
AbbVie Inc.,ABBV,AbbVie Inc.,자체명 변형,
Bristol-Myers Squibb,BMY,BRISTOL MYERS SQUIBB CO,자체명 변형,
Bristol Myers Squibb,BMY,BRISTOL MYERS SQUIBB CO,자체명 변형,
AstraZeneca,AZN,ASTRAZENECA PLC,자체명 변형,
MedImmune LLC,AZN,ASTRAZENECA PLC,AZN 2007 인수,
"MedImmune, LLC",AZN,ASTRAZENECA PLC,AZN 2007 인수,
GlaxoSmithKline,GSK,GSK plc,자체명 변형,
GSK,GSK,GSK plc,자체명 변형,
"Stiefel, a GSK Company",GSK,GSK plc,GSK 2009 인수,
ViiV Healthcare,GSK,GSK plc,GSK 2009 설립 자회사 (다수 지분),
Sanofi,SNY,Sanofi,자체명 변형,
Sanofi-Aventis,SNY,Sanofi,Sanofi 구 사명 (2011 변경),
"Genzyme, a Sanofi Company",SNY,Sanofi,Sanofi 2011 인수,
"Sanofi Pasteur, a Sanofi Company",SNY,Sanofi,자체명 변형,
Novartis,NVS,NOVARTIS AG,자체명 변형,
Novartis Pharmaceuticals,NVS,NOVARTIS AG,자체명 변형,
Novartis Pharma AG,NVS,NOVARTIS AG,자체명 변형,
Amgen,AMGN,AMGEN INC,자체명 변형,
Amgen Inc.,AMGN,AMGEN INC,자체명 변형,
Gilead Sciences,GILD,"GILEAD SCIENCES, INC.",자체명 변형,
"Gilead Sciences, Inc.",GILD,"GILEAD SCIENCES, INC.",자체명 변형,
Regeneron Pharmaceuticals,REGN,"REGENERON PHARMACEUTICALS, INC.",자체명 변형,
"Regeneron Pharmaceuticals, Inc.",REGN,"REGENERON PHARMACEUTICALS, INC.",자체명 변형,
Vertex Pharmaceuticals Incorporated,VRTX,VERTEX PHARMACEUTICALS INC / MA,자체명 변형,
Vertex Pharmaceuticals,VRTX,VERTEX PHARMACEUTICALS INC / MA,자체명 변형,
Biogen,BIIB,BIOGEN INC.,자체명 변형,
Biogen Inc.,BIIB,BIOGEN INC.,자체명 변형,
Biogen Idec,BIIB,BIOGEN INC.,Biogen 구 사명 (2015 변경),
Takeda,TAK,TAKEDA PHARMACEUTICAL CO LTD,자체명 변형,
Takeda Pharmaceutical Company Limited,TAK,TAKEDA PHARMACEUTICAL CO LTD,자체명 변형,
"Takeda Development Center Americas, Inc.",TAK,TAKEDA PHARMACEUTICAL CO LTD,자체명 변형,
"Millennium Pharmaceuticals, Inc.",TAK,TAKEDA PHARMACEUTICAL CO LTD,Takeda 2008 인수,
Abbott,ABT,ABBOTT LABORATORIES,자체명 변형,
Abbott Laboratories,ABT,ABBOTT LABORATORIES,자체명 변형,
Abbott Diabetes Care,ABT,ABBOTT LABORATORIES,자체명 변형,
Abbott Medical Devices,ABT,ABBOTT LABORATORIES,자체명 변형,
Abbott Nutrition,ABT,ABBOTT LABORATORIES,자체명 변형,
Baxter Healthcare Corporation,BAX,BAXTER INTERNATIONAL INC,자체명 변형,
Baxter International Inc.,BAX,BAXTER INTERNATIONAL INC,자체명 변형,
"Becton, Dickinson and Company",BDX,BECTON DICKINSON & CO,자체명 변형,
Becton Dickinson,BDX,BECTON DICKINSON & CO,자체명 변형,
Medtronic,MDT,Medtronic plc,자체명 변형,
Medtronic Corporate Technologies and New Ventures,MDT,Medtronic plc,자체명 변형,
Medtronic Diabetes,MDT,Medtronic plc,자체명 변형,
Teva Pharmaceutical Industries,TEVA,TEVA PHARMACEUTICAL INDUSTRIES LTD,자체명 변형,
Teva Pharmaceuticals USA,TEVA,TEVA PHARMACEUTICAL INDUSTRIES LTD,자체명 변형,
"Teva Branded Pharmaceutical Products R&D, Inc.",TEVA,TEVA PHARMACEUTICAL INDUSTRIES LTD,자체명 변형,
"Teva Pharmaceutical Industries, Ltd.",TEVA,TEVA PHARMACEUTICAL INDUSTRIES LTD,자체명 변형,
Jazz Pharmaceuticals,JAZZ,Jazz Pharmaceuticals plc,자체명 변형,
Incyte Corporation,INCY,INCYTE CORP,자체명 변형,
Incyte Corp,INCY,INCYTE CORP,자체명 변형,
BioMarin Pharmaceutical,BMRN,BIOMARIN PHARMACEUTICAL INC,자체명 변형,
Alnylam Pharmaceuticals,ALNY,"ALNYLAM PHARMACEUTICALS, INC.",자체명 변형,
"ModernaTX, Inc.",MRNA,"Moderna, Inc.",자체명 변형,
Moderna,MRNA,"Moderna, Inc.",자체명 변형,
BioNTech SE,BNTX,BioNTech SE,자체명 변형,
BioNTech RNA Pharmaceuticals GmbH,BNTX,BioNTech SE,자체명 변형,
United Therapeutics,UTHR,UNITED THERAPEUTICS Corp,자체명 변형,
Neurocrine Biosciences,NBIX,NEUROCRINE BIOSCIENCES INC,자체명 변형,
Exelixis,EXEL,"EXELIXIS, INC.",자체명 변형,
"Ionis Pharmaceuticals, Inc.",IONS,IONIS PHARMACEUTICALS INC,자체명 변형,
Isis Pharmaceuticals,IONS,IONIS PHARMACEUTICALS INC,Ionis 구 사명 (2015-12 변경),
"Sarepta Therapeutics, Inc.",SRPT,"Sarepta Therapeutics, Inc.",자체명 변형,
"Alkermes, Inc.",ALKS,Alkermes plc.,자체명 변형,
argenx,ARGX,ARGENX SE,자체명 변형,
Grifols Therapeutics LLC,GRFS,Grifols SA,자체명 변형,
"Instituto Grifols, S.A.",GRFS,Grifols SA,자체명 변형,
Organon and Co,OGN,Organon & Co.,자체명 변형,
Organon,OGN,Organon & Co.,자체명 변형,
Boston Scientific Corporation,BSX,BOSTON SCIENTIFIC CORP,자체명 변형,
Zoetis,ZTS,Zoetis Inc.,자체명 변형,
